SNR -22.000
893 895 943 951 955 956 957 958 959 974 975 979 981 982 983 985 986 987 988 989 990 991 995 997 998 999 1001 1002 1003 1004 1005 1006 1007 1009 1010 1011 1012 1013 1014 1015 1016 1017 1018 1019 1020 1021 1022 1023 891 971 973 927 954 894 953 949 967 950 947 1008 942 941 1000 996 994 984 993 767 978 980 977 887 972 939 969 970 935 879 952 892 890 926 966 925 948 889 946 965 945 940 885 886 923 766 938 765 992 863 963 883 937 976 878 919 763 877 934 968 511 924 888 933 831 875 759 884 964 922 911 944 764 862 255 751 383 931 639 447 479 921 703 871 735 495 503 507 882 861 509 127 510 962 762 319 575 918 223 191 936 859 239 881 63 761 607 247 351 415 251 671 799 876 367 855 847 253 815 623 431 823 375 439 830 827 631 719 687 829 463 695 379 917 635 961 758 727 471 95 699 475 757 637 111 543 159 443 287 487 743 254 731 755 381 445 31 747 701 491 733 119 477 749 493 915 382 123 638 207 446 750 478 499 874 702 910 175 501 932 183 559 734 335 303 591 125 494 399 783 311 502 215 655 126 873 903 505 231 187 909 907 567 571 315 506 219 189 47 55 79 143 343 359 271 407 15 791 599 663 317 527 235 573 615 807 508 59 839 423 870 221 190 867 347 237 869 679 795 411 318 243 603 455 711 930 222 860 574 363 103 667 61 349 619 797 811 843 245 427 605 238 413 851 669 920 371 683 365 627 621 246 819 350 857 199 62 845 435 459 853 606 295 798 87 429 813 151 929 167 691 327 467 715 414 249 858 670 535 551 391 279 647 373 629 854 583 821 685 107 366 250 775 461 539 437 723 91 374 846 430 622 155 283 717 71 135 23 263 39 693 814 27 519 686 630 822 760 7 739 93 633 115 438 377 825 462 285 469 157 483 725 718 109 826 441 541 634 694 741 378 470 252 473 697 880 94 117 29 485 729 442 158 286 726 474 828 179 698 110 203 730 745 542 753 742 307 489 754 30 486 171 916 211 563 746 118 121 205 756 636 299 899 380 331 490 227 51 555 173 587 339 395 444 700 595 913 206 403 651 355 122 301 779 557 181 748 960 732 497 333 787 476 611 659 309 419 397 803 914 174 653 589 498 675 835 213 781 565 558 185 492 451 901 302 13 707 905 182 313 99 569 229 334 141 269 590 398 45 77 500 525 782 654 124 217 53 566 310 902 341 214 233 195 163 75 139 147 267 186 43 83 275 405 597 345 323 291 547 579 523 57 357 314 531 789 906 387 230 908 643 570 613 601 771 46 793 142 78 872 409 661 665 19 421 805 526 837 218 67 35 361 11 270 515 131 241 259 677 54 865 3 617 342 841 425 188 14 234 809 504 406 358 598 453 790 681 849 58 316 614 709 572 625 369 662 422 457 806 817 713 220 838 410 866 433 346 678 101 689 794 89 465 242 868 602 236 153 105 281 721 362 537 666 25 454 113 60 618 710 244 842 810 737 348 412 604 481 796 426 850 102 668 197 626 682 370 364 201 177 149 85 165 305 209 620 844 561 818 169 277 428 852 293 434 458 812 325 297 714 549 533 225 856 581 329 690 897 337 585 389 553 593 393 401 684 645 628 466 785 820 372 198 436 460 649 773 928 353 777 609 657 49 417 90 801 86 150 673 716 833 248 722 106 166 278 154 294 449 705 326 692 97 282 538 550 582 534 646 390 468 774 92 26 156 114 69 37 81 193 73 133 137 21 161 145 41 273 265 261 289 632 545 529 724 284 540 321 517 521 577 108 738 385 641 769 376 824 482 70 22 38 33 5 65 17 262 134 9 129 257 513 518 6 740 1 440 116 484 28 696 728 472 744 488 178 202 204 752 120 306 172 562 210 170 300 556 180 912 332 308 298 588 564 396 226 652 898 212 330 780 496 554 338 586 50 900 184 904 394 402 312 594 354 228 778 650 786 568 610 52 216 12 418 658 44 802 76 140 340 232 268 524 834 674 56 344 596 404 356 788 612 792 600 408 664 420 450 660 804 360 706 836 616 240 676 840 424 864 98 808 680 452 848 708 456 624 368 712 432 816 100 688 88 464 104 280 194 152 82 720 74 138 42 162 146 536 290 274 266 546 112 322 530 522 578 386 642 770 736 480 10 34 130 258 18 66 514 2 24 196 200 176 304 84 208 148 560 164 168 296 276 292 324 328 548 224 552 532 580 336 584 392 896 592 400 388 784 648 776 352 644 656 608 772 416 800 672 832 48 448 704 96 80 72 68 144 40 136 36 132 192 160 272 20 288 264 260 528 320 544 520 576 516 384 640 768 32 16 64 128 8 4 256 512 0

SNR -21.500
767 879 887 891 893 894 895 927 939 941 942 943 947 949 950 951 953 954 955 956 957 958 959 967 971 973 974 975 979 981 982 983 985 986 987 988 989 990 991 995 997 998 999 1001 1002 1003 1004 1005 1006 1007 1009 1010 1011 1012 1013 1014 1015 1016 1017 1018 1019 1020 1021 1022 1023 935 892 863 993 1000 994 1008 926 980 996 885 978 984 890 889 925 886 923 977 766 972 969 946 966 945 970 948 965 963 919 765 763 877 937 938 952 883 940 933 875 934 878 911 992 924 922 888 862 976 884 861 931 831 759 871 968 921 882 964 764 918 511 876 944 859 762 881 962 751 917 936 761 874 961 932 910 915 873 758 830 855 909 757 870 930 510 735 860 829 920 509 255 869 847 755 639 703 447 507 383 929 750 858 907 503 827 495 479 127 880 916 191 319 823 749 760 223 575 867 239 351 799 815 607 857 247 747 415 367 671 623 251 903 63 687 743 431 631 439 253 719 375 695 727 379 635 463 734 854 471 914 733 731 699 637 95 443 487 254 475 381 159 701 111 287 543 491 445 872 960 638 477 31 756 119 853 499 446 382 702 493 123 501 508 828 125 478 175 505 207 502 335 851 783 399 303 913 494 908 591 506 183 567 559 311 655 215 187 126 839 231 315 846 843 845 791 571 189 754 343 143 219 807 79 55 599 317 47 407 527 359 271 615 663 795 826 811 423 221 573 235 15 679 59 347 603 825 753 190 318 243 411 667 868 797 237 363 819 711 821 455 349 619 61 574 222 605 813 245 906 669 371 798 413 683 427 822 627 238 103 715 365 459 814 621 350 429 748 606 691 435 685 87 629 366 246 739 167 62 670 723 373 622 199 467 295 414 905 151 279 741 693 746 249 717 535 583 725 745 250 327 551 647 928 391 91 437 775 461 107 866 630 374 155 686 742 539 377 430 469 283 718 263 633 694 71 519 899 438 39 23 135 483 27 93 115 697 901 378 7 157 441 729 726 109 285 634 902 541 856 865 462 470 730 698 252 473 442 29 94 117 485 158 286 474 110 489 542 203 732 179 486 380 307 171 563 211 636 490 444 30 299 121 118 555 205 700 779 331 835 173 587 787 339 227 497 51 395 595 651 803 476 333 403 659 557 498 301 611 181 122 781 589 492 355 174 675 309 419 653 206 397 565 213 852 302 849 185 334 451 500 558 782 707 837 590 850 182 313 398 569 217 13 99 229 654 310 789 45 124 141 214 269 341 841 525 597 77 566 53 805 186 793 43 504 75 139 613 233 838 345 195 147 357 163 405 275 661 83 267 601 547 291 809 323 57 531 579 523 230 842 314 912 387 643 790 771 421 570 409 677 665 218 617 361 78 342 817 142 46 270 598 844 67 806 131 35 241 515 19 259 11 54 709 406 3 425 614 526 358 681 14 662 188 794 453 234 713 346 316 369 625 422 602 810 220 457 678 58 410 689 433 572 721 101 362 465 818 618 737 666 242 89 710 153 824 105 796 236 281 348 537 454 60 820 604 682 426 752 113 25 812 897 481 244 370 412 668 714 364 620 626 102 197 690 85 149 458 165 177 428 201 561 684 434 277 305 169 209 293 628 738 372 533 325 549 581 297 716 553 329 466 773 585 722 337 225 785 777 692 833 389 593 904 645 740 649 436 401 393 460 801 150 657 724 609 353 49 198 90 86 248 673 417 744 278 166 106 154 294 538 705 282 468 534 449 326 582 550 97 774 898 92 376 390 646 108 900 482 156 69 114 26 133 37 73 81 137 145 41 21 632 161 193 273 261 265 289 284 545 577 529 321 540 517 521 769 728 641 696 385 440 22 864 70 38 65 9 17 484 33 134 129 262 5 257 6 513 518 1 116 28 472 488 202 178 204 306 172 120 562 170 210 300 298 780 556 332 588 180 554 330 308 396 496 778 834 652 586 212 564 226 786 594 338 802 394 650 184 836 50 658 848 402 568 354 312 228 610 788 216 340 418 596 840 674 804 52 140 44 612 792 268 232 76 356 12 524 344 660 404 600 808 56 706 420 664 408 676 616 450 360 816 424 240 680 98 708 712 452 456 368 624 688 432 720 464 100 88 74 152 138 194 736 104 82 146 42 162 280 536 266 290 274 546 530 322 578 112 522 770 386 642 896 480 24 10 34 258 66 130 18 514 2 84 196 200 148 176 164 168 304 560 208 276 292 296 552 328 548 584 532 324 580 336 784 776 224 592 772 648 832 392 388 644 400 656 800 352 608 672 416 48 704 448 96 72 144 136 68 40 80 132 36 160 20 272 192 264 288 544 528 260 520 320 576 516 768 384 640 32 16 64 128 8 4 256 512 0

SNR -21.000
767 879 887 891 893 894 895 927 939 941 942 943 947 949 950 951 953 954 955 956 957 958 959 967 971 973 974 975 979 981 982 983 985 986 987 988 989 990 991 995 997 998 999 1001 1002 1003 1004 1005 1006 1007 1009 1010 1011 1012 1013 1014 1015 1016 1017 1018 1019 1020 1021 1022 1023 935 892 863 993 1000 994 1008 926 980 996 885 978 984 890 889 925 886 923 977 766 972 969 946 966 945 970 948 965 963 919 765 763 877 937 938 952 883 940 933 875 934 878 911 992 924 922 888 862 976 884 861 931 831 759 871 968 921 882 964 764 918 511 876 944 859 762 881 962 751 917 936 761 874 961 932 910 915 873 758 830 855 909 757 870 930 510 735 860 829 920 509 255 869 847 755 639 703 447 507 383 929 750 858 907 503 827 495 479 127 880 916 191 319 823 749 760 223 575 867 239 351 799 815 607 857 247 747 415 367 671 623 251 903 63 687 743 431 631 439 253 719 375 695 727 379 635 463 734 854 471 914 733 731 699 637 95 443 487 254 475 381 159 701 111 287 543 491 445 872 960 638 477 31 756 119 853 499 446 382 702 493 123 501 508 828 125 478 175 505 207 502 335 851 783 399 303 913 494 908 591 506 183 567 559 311 655 215 187 126 839 231 315 846 843 845 791 571 189 754 343 143 219 807 79 55 599 317 47 407 527 359 271 615 663 795 826 811 423 221 573 235 15 679 59 347 603 825 753 190 318 243 411 667 868 797 237 363 819 711 821 455 349 619 61 574 222 605 813 245 906 669 371 798 413 683 427 822 627 238 103 715 365 459 814 621 350 429 748 606 691 435 685 87 629 366 246 739 167 62 670 723 373 622 199 467 295 414 905 151 279 741 693 746 249 717 535 583 725 745 250 327 551 647 928 391 91 437 775 461 107 866 630 374 155 686 742 539 377 430 469 283 718 263 633 694 71 519 899 438 39 23 135 483 27 93 115 697 901 378 7 157 441 729 726 109 285 634 902 541 856 865 462 470 730 698 252 473 442 29 94 117 485 158 286 474 110 489 542 203 732 179 486 380 307 171 563 211 636 490 444 30 299 121 118 555 205 700 779 331 835 173 587 787 339 227 497 51 395 595 651 803 476 333 403 659 557 498 301 611 181 122 781 589 492 355 174 675 309 419 653 206 397 565 213 852 302 849 185 334 451 500 558 782 707 837 590 850 182 313 398 569 217 13 99 229 654 310 789 45 124 141 214 269 341 841 525 597 77 566 53 805 186 793 43 504 75 139 613 233 838 345 195 147 357 163 405 275 661 83 267 601 547 291 809 323 57 531 579 523 230 842 314 912 387 643 790 771 421 570 409 677 665 218 617 361 78 342 817 142 46 270 598 844 67 806 131 35 241 515 19 259 11 54 709 406 3 425 614 526 358 681 14 662 188 794 453 234 713 346 316 369 625 422 602 810 220 457 678 58 410 689 433 572 721 101 362 465 818 618 737 666 242 89 710 153 824 105 796 236 281 348 537 454 60 820 604 682 426 752 113 25 812 897 481 244 370 412 668 714 364 620 626 102 197 690 85 149 458 165 177 428 201 561 684 434 277 305 169 209 293 628 738 372 533 325 549 581 297 716 553 329 466 773 585 722 337 225 785 777 692 833 389 593 904 645 740 649 436 401 393 460 801 150 657 724 609 353 49 198 90 86 248 673 417 744 278 166 106 154 294 538 705 282 468 534 449 326 582 550 97 774 898 92 376 390 646 108 900 482 156 69 114 26 133 37 73 81 137 145 41 21 632 161 193 273 261 265 289 284 545 577 529 321 540 517 521 769 728 641 696 385 440 22 864 70 38 65 9 17 484 33 134 129 262 5 257 6 513 518 1 116 28 472 488 202 178 204 306 172 120 562 170 210 300 298 780 556 332 588 180 554 330 308 396 496 778 834 652 586 212 564 226 786 594 338 802 394 650 184 836 50 658 848 402 568 354 312 228 610 788 216 340 418 596 840 674 804 52 140 44 612 792 268 232 76 356 12 524 344 660 404 600 808 56 706 420 664 408 676 616 450 360 816 424 240 680 98 708 712 452 456 368 624 688 432 720 464 100 88 74 152 138 194 736 104 82 146 42 162 280 536 266 290 274 546 530 322 578 112 522 770 386 642 896 480 24 10 34 258 66 130 18 514 2 84 196 200 148 176 164 168 304 560 208 276 292 296 552 328 548 584 532 324 580 336 784 776 224 592 772 648 832 392 388 644 400 656 800 352 608 672 416 48 704 448 96 72 144 136 68 40 80 132 36 160 20 272 192 264 288 544 528 260 520 320 576 516 768 384 640 32 16 64 128 8 4 256 512 0

SNR -20.500
767 879 887 891 893 894 895 927 939 941 942 943 947 949 950 951 953 954 955 956 957 958 959 967 971 973 974 975 979 981 982 983 985 986 987 988 989 990 991 995 997 998 999 1001 1002 1003 1004 1005 1006 1007 1009 1010 1011 1012 1013 1014 1015 1016 1017 1018 1019 1020 1021 1022 1023 935 892 863 993 1000 994 1008 926 980 996 885 978 984 890 889 925 886 923 977 766 972 969 946 966 945 970 948 965 963 919 765 763 877 937 938 952 883 940 933 875 934 878 911 992 924 922 888 862 976 884 861 931 831 759 871 968 921 882 964 764 918 511 876 944 859 762 881 962 751 917 936 761 874 961 932 910 915 873 758 830 855 909 757 870 930 510 735 860 829 920 509 255 869 847 755 639 703 447 507 383 929 750 858 907 503 827 495 479 127 880 916 191 319 823 749 760 223 575 867 239 351 799 815 607 857 247 747 415 367 671 623 251 903 63 687 743 431 631 439 253 719 375 695 727 379 635 463 734 854 471 914 733 731 699 637 95 443 487 254 475 381 159 701 111 287 543 491 445 872 960 638 477 31 756 119 853 499 446 382 702 493 123 501 508 828 125 478 175 505 207 502 335 851 783 399 303 913 494 908 591 506 183 567 559 311 655 215 187 126 839 231 315 846 843 845 791 571 189 754 343 143 219 807 79 55 599 317 47 407 527 359 271 615 663 795 826 811 423 221 573 235 15 679 59 347 603 825 753 190 318 243 411 667 868 797 237 363 819 711 821 455 349 619 61 574 222 605 813 245 906 669 371 798 413 683 427 822 627 238 103 715 365 459 814 621 350 429 748 606 691 435 685 87 629 366 246 739 167 62 670 723 373 622 199 467 295 414 905 151 279 741 693 746 249 717 535 583 725 745 250 327 551 647 928 391 91 437 775 461 107 866 630 374 155 686 742 539 377 430 469 283 718 263 633 694 71 519 899 438 39 23 135 483 27 93 115 697 901 378 7 157 441 729 726 109 285 634 902 541 856 865 462 470 730 698 252 473 442 29 94 117 485 158 286 474 110 489 542 203 732 179 486 380 307 171 563 211 636 490 444 30 299 121 118 555 205 700 779 331 835 173 587 787 339 227 497 51 395 595 651 803 476 333 403 659 557 498 301 611 181 122 781 589 492 355 174 675 309 419 653 206 397 565 213 852 302 849 185 334 451 500 558 782 707 837 590 850 182 313 398 569 217 13 99 229 654 310 789 45 124 141 214 269 341 841 525 597 77 566 53 805 186 793 43 504 75 139 613 233 838 345 195 147 357 163 405 275 661 83 267 601 547 291 809 323 57 531 579 523 230 842 314 912 387 643 790 771 421 570 409 677 665 218 617 361 78 342 817 142 46 270 598 844 67 806 131 35 241 515 19 259 11 54 709 406 3 425 614 526 358 681 14 662 188 794 453 234 713 346 316 369 625 422 602 810 220 457 678 58 410 689 433 572 721 101 362 465 818 618 737 666 242 89 710 153 824 105 796 236 281 348 537 454 60 820 604 682 426 752 113 25 812 897 481 244 370 412 668 714 364 620 626 102 197 690 85 149 458 165 177 428 201 561 684 434 277 305 169 209 293 628 738 372 533 325 549 581 297 716 553 329 466 773 585 722 337 225 785 777 692 833 389 593 904 645 740 649 436 401 393 460 801 150 657 724 609 353 49 198 90 86 248 673 417 744 278 166 106 154 294 538 705 282 468 534 449 326 582 550 97 774 898 92 376 390 646 108 900 482 156 69 114 26 133 37 73 81 137 145 41 21 632 161 193 273 261 265 289 284 545 577 529 321 540 517 521 769 728 641 696 385 440 22 864 70 38 65 9 17 484 33 134 129 262 5 257 6 513 518 1 116 28 472 488 202 178 204 306 172 120 562 170 210 300 298 780 556 332 588 180 554 330 308 396 496 778 834 652 586 212 564 226 786 594 338 802 394 650 184 836 50 658 848 402 568 354 312 228 610 788 216 340 418 596 840 674 804 52 140 44 612 792 268 232 76 356 12 524 344 660 404 600 808 56 706 420 664 408 676 616 450 360 816 424 240 680 98 708 712 452 456 368 624 688 432 720 464 100 88 74 152 138 194 736 104 82 146 42 162 280 536 266 290 274 546 530 322 578 112 522 770 386 642 896 480 24 10 34 258 66 130 18 514 2 84 196 200 148 176 164 168 304 560 208 276 292 296 552 328 548 584 532 324 580 336 784 776 224 592 772 648 832 392 388 644 400 656 800 352 608 672 416 48 704 448 96 72 144 136 68 40 80 132 36 160 20 272 192 264 288 544 528 260 520 320 576 516 768 384 640 32 16 64 128 8 4 256 512 0

SNR -20.000
759 763 765 766 767 831 863 875 877 878 879 883 885 886 887 889 890 891 892 893 894 895 911 919 923 925 926 927 935 939 941 942 943 947 948 949 950 951 953 954 955 956 957 958 959 967 970 971 972 973 974 975 978 979 980 981 982 983 984 985 986 987 988 989 990 991 993 994 995 996 997 998 999 1000 1001 1002 1003 1004 1005 1006 1007 1008 1009 1010 1011 1012 1013 1014 1015 1016 1017 1018 1019 1020 1021 1022 1023 952 977 969 945 862 940 871 963 965 966 861 938 946 934 937 933 859 751 931 918 884 888 921 917 764 855 922 882 761 762 924 881 910 511 992 968 876 976 874 758 873 909 915 830 964 936 944 829 870 962 932 847 869 860 858 961 757 755 735 907 827 930 750 857 867 920 929 749 510 916 854 880 823 760 747 914 509 903 853 872 908 913 756 703 828 507 734 868 851 846 754 826 815 743 906 733 960 845 866 503 748 753 639 856 825 905 255 508 383 495 447 731 479 799 928 822 127 843 746 865 902 702 191 575 727 319 506 852 223 607 351 821 239 701 719 671 415 687 505 623 247 699 367 63 375 631 251 745 431 695 839 635 439 471 901 379 253 463 637 443 381 499 487 491 501 445 475 502 819 493 638 287 912 95 850 254 159 814 742 543 111 477 382 119 732 31 494 446 783 813 123 175 478 741 207 303 559 899 807 183 655 335 811 591 311 791 567 125 215 739 399 849 795 844 187 571 231 126 599 315 343 219 797 663 752 189 615 573 711 730 47 407 143 79 359 798 271 55 603 317 235 824 679 527 667 221 423 347 729 715 15 237 723 190 243 669 605 683 411 349 619 574 363 717 59 725 455 318 726 222 904 427 238 627 691 621 413 245 371 685 61 365 103 606 670 693 842 350 718 435 459 373 429 629 414 622 87 366 686 151 246 62 467 461 249 775 374 199 583 295 279 167 694 697 700 437 551 535 698 841 630 327 430 250 633 391 469 647 91 155 539 377 483 283 470 438 107 462 835 864 71 634 519 39 23 837 378 263 504 135 838 441 485 820 115 157 93 7 27 541 285 473 442 109 252 474 489 744 636 486 94 158 117 498 542 490 497 779 171 286 203 380 29 179 803 307 563 787 110 818 555 500 587 817 299 444 211 118 781 492 121 331 173 205 651 900 30 595 395 227 339 301 476 805 659 557 181 122 403 589 611 809 675 51 355 309 707 174 782 333 653 789 565 397 419 213 206 558 793 302 185 590 569 790 182 810 654 806 812 451 334 737 313 740 566 310 597 229 341 661 398 217 897 99 738 13 214 898 794 124 77 186 709 405 613 141 45 269 233 525 601 677 570 75 53 357 665 83 139 43 345 147 267 275 163 713 314 291 547 195 771 421 531 230 523 409 579 617 323 598 662 643 342 681 361 218 57 387 796 46 721 78 142 234 406 710 425 241 270 614 848 35 19 259 11 678 67 358 131 526 188 453 572 666 515 54 3 689 602 220 14 346 714 625 316 422 369 457 410 618 433 722 362 682 236 465 728 58 101 242 668 604 724 716 426 89 454 153 348 105 537 281 626 620 690 412 481 113 370 364 60 833 244 25 684 85 102 434 692 149 458 165 197 428 773 628 277 169 293 777 177 372 201 785 533 549 305 561 581 466 325 209 801 297 553 585 436 329 460 645 593 649 337 657 389 86 225 393 840 696 401 248 150 166 609 90 198 673 353 705 154 49 468 534 774 278 417 294 550 582 632 282 326 538 106 482 449 646 836 834 376 390 484 97 92 114 156 69 26 540 37 73 133 81 145 41 108 21 161 137 273 289 261 265 193 529 284 472 545 769 517 521 321 577 641 385 440 38 134 22 262 518 116 70 9 17 65 33 5 257 129 513 6 1 488 28 178 170 202 778 802 780 786 172 562 496 306 204 816 120 298 210 556 300 554 180 586 588 804 330 652 564 308 332 788 650 808 396 594 212 658 338 226 394 792 184 402 610 354 568 674 706 228 312 50 596 660 340 736 418 216 404 232 612 896 708 676 600 356 44 76 664 52 344 140 12 268 524 420 712 408 450 616 360 680 56 424 720 240 452 98 688 456 624 368 432 74 42 464 82 146 100 162 138 88 152 280 104 194 536 290 274 266 546 770 530 522 578 322 112 642 480 386 832 84 148 164 200 168 196 514 66 776 2 18 10 258 176 24 130 34 784 304 772 276 292 560 552 548 296 532 208 800 580 584 324 328 648 592 336 644 656 392 224 400 388 608 352 672 704 416 48 448 96 72 80 68 40 136 144 36 132 160 20 272 264 288 192 528 544 260 520 768 576 320 516 640 384 32 64 16 256 8 128 4 512 0

SNR -19.500
759 763 765 766 767 831 863 875 877 878 879 883 885 886 887 889 890 891 892 893 894 895 911 919 923 925 926 927 935 939 941 942 943 947 948 949 950 951 953 954 955 956 957 958 959 967 970 971 972 973 974 975 978 979 980 981 982 983 984 985 986 987 988 989 990 991 993 994 995 996 997 998 999 1000 1001 1002 1003 1004 1005 1006 1007 1008 1009 1010 1011 1012 1013 1014 1015 1016 1017 1018 1019 1020 1021 1022 1023 952 977 969 945 862 940 871 963 965 966 861 938 946 934 937 933 859 751 931 918 884 888 921 917 764 855 922 882 761 762 924 881 910 511 992 968 876 976 874 758 873 909 915 830 964 936 944 829 870 962 932 847 869 860 858 961 757 755 735 907 827 930 750 857 867 920 929 749 510 916 854 880 823 760 747 914 509 903 853 872 908 913 756 703 828 507 734 868 851 846 754 826 815 743 906 733 960 845 866 503 748 753 639 856 825 905 255 508 383 495 447 731 479 799 928 822 127 843 746 865 902 702 191 575 727 319 506 852 223 607 351 821 239 701 719 671 415 687 505 623 247 699 367 63 375 631 251 745 431 695 839 635 439 471 901 379 253 463 637 443 381 499 487 491 501 445 475 502 819 493 638 287 912 95 850 254 159 814 742 543 111 477 382 119 732 31 494 446 783 813 123 175 478 741 207 303 559 899 807 183 655 335 811 591 311 791 567 125 215 739 399 849 795 844 187 571 231 126 599 315 343 219 797 663 752 189 615 573 711 730 47 407 143 79 359 798 271 55 603 317 235 824 679 527 667 221 423 347 729 715 15 237 723 190 243 669 605 683 411 349 619 574 363 717 59 725 455 318 726 222 904 427 238 627 691 621 413 245 371 685 61 365 103 606 670 693 842 350 718 435 459 373 429 629 414 622 87 366 686 151 246 62 467 461 249 775 374 199 583 295 279 167 694 697 700 437 551 535 698 841 630 327 430 250 633 391 469 647 91 155 539 377 483 283 470 438 107 462 835 864 71 634 519 39 23 837 378 263 504 135 838 441 485 820 115 157 93 7 27 541 285 473 442 109 252 474 489 744 636 486 94 158 117 498 542 490 497 779 171 286 203 380 29 179 803 307 563 787 110 818 555 500 587 817 299 444 211 118 781 492 121 331 173 205 651 900 30 595 395 227 339 301 476 805 659 557 181 122 403 589 611 809 675 51 355 309 707 174 782 333 653 789 565 397 419 213 206 558 793 302 185 590 569 790 182 810 654 806 812 451 334 737 313 740 566 310 597 229 341 661 398 217 897 99 738 13 214 898 794 124 77 186 709 405 613 141 45 269 233 525 601 677 570 75 53 357 665 83 139 43 345 147 267 275 163 713 314 291 547 195 771 421 531 230 523 409 579 617 323 598 662 643 342 681 361 218 57 387 796 46 721 78 142 234 406 710 425 241 270 614 848 35 19 259 11 678 67 358 131 526 188 453 572 666 515 54 3 689 602 220 14 346 714 625 316 422 369 457 410 618 433 722 362 682 236 465 728 58 101 242 668 604 724 716 426 89 454 153 348 105 537 281 626 620 690 412 481 113 370 364 60 833 244 25 684 85 102 434 692 149 458 165 197 428 773 628 277 169 293 777 177 372 201 785 533 549 305 561 581 466 325 209 801 297 553 585 436 329 460 645 593 649 337 657 389 86 225 393 840 696 401 248 150 166 609 90 198 673 353 705 154 49 468 534 774 278 417 294 550 582 632 282 326 538 106 482 449 646 836 834 376 390 484 97 92 114 156 69 26 540 37 73 133 81 145 41 108 21 161 137 273 289 261 265 193 529 284 472 545 769 517 521 321 577 641 385 440 38 134 22 262 518 116 70 9 17 65 33 5 257 129 513 6 1 488 28 178 170 202 778 802 780 786 172 562 496 306 204 816 120 298 210 556 300 554 180 586 588 804 330 652 564 308 332 788 650 808 396 594 212 658 338 226 394 792 184 402 610 354 568 674 706 228 312 50 596 660 340 736 418 216 404 232 612 896 708 676 600 356 44 76 664 52 344 140 12 268 524 420 712 408 450 616 360 680 56 424 720 240 452 98 688 456 624 368 432 74 42 464 82 146 100 162 138 88 152 280 104 194 536 290 274 266 546 770 530 522 578 322 112 642 480 386 832 84 148 164 200 168 196 514 66 776 2 18 10 258 176 24 130 34 784 304 772 276 292 560 552 548 296 532 208 800 580 584 324 328 648 592 336 644 656 392 224 400 388 608 352 672 704 416 48 448 96 72 80 68 40 136 144 36 132 160 20 272 264 288 192 528 544 260 520 768 576 320 516 640 384 32 64 16 256 8 128 4 512 0

SNR -19.000
511 735 750 751 758 759 761 762 763 764 765 766 767 830 831 847 855 859 861 862 863 871 875 877 878 879 883 885 886 887 888 889 890 891 892 893 894 895 911 915 919 921 922 923 924 925 926 927 931 933 934 935 937 938 939 940 941 942 943 945 946 947 948 949 950 951 952 953 954 955 956 957 958 959 963 965 966 967 969 970 971 972 973 974 975 977 978 979 980 981 982 983 984 985 986 987 988 989 990 991 993 994 995 996 997 998 999 1000 1001 1002 1003 1004 1005 1006 1007 1008 1009 1010 1011 1012 1013 1014 1015 1016 1017 1018 1019 1020 1021 1022 1023 882 918 910 749 881 829 755 827 917 870 876 884 873 874 757 823 867 869 907 909 747 992 857 743 509 964 860 903 854 853 968 976 507 961 815 703 851 846 734 936 962 858 845 932 920 510 733 760 929 944 930 826 916 756 843 880 754 913 908 914 825 731 872 828 822 748 906 868 753 866 905 503 746 821 727 745 902 839 856 852 865 799 901 819 702 742 850 814 508 960 506 639 701 732 741 849 495 928 844 813 730 719 505 899 842 699 824 912 729 739 811 502 752 841 820 798 726 904 501 695 479 744 638 838 864 807 255 447 818 383 725 797 700 494 499 637 687 900 837 127 740 635 493 504 575 671 812 319 718 191 723 817 223 607 631 239 623 795 351 491 247 698 848 415 367 251 487 439 375 431 463 471 379 63 253 443 475 717 791 477 381 478 445 697 254 835 95 159 783 382 898 810 543 728 738 287 111 715 119 446 711 694 175 500 31 123 207 655 559 303 591 183 335 125 399 693 567 311 679 663 691 215 571 187 809 840 737 315 599 573 126 615 667 343 683 231 219 603 897 685 407 498 669 359 686 347 317 79 189 221 619 235 423 143 636 497 605 271 527 47 627 55 806 724 411 190 621 363 574 670 349 455 59 15 243 427 222 237 629 796 633 318 413 606 634 245 805 371 622 365 350 435 803 459 630 238 429 61 103 373 467 492 246 775 437 461 483 485 366 87 489 414 490 430 469 151 438 249 535 279 374 551 199 486 250 647 295 167 583 62 794 722 327 470 462 378 377 91 787 155 391 779 441 793 539 473 107 836 283 442 721 71 474 781 285 93 115 135 789 23 39 157 541 519 263 252 790 816 7 27 109 476 94 782 555 158 380 716 171 707 203 299 286 542 117 179 563 444 587 651 110 29 307 659 709 211 331 173 557 713 675 205 696 714 595 121 118 653 301 395 589 834 339 611 710 181 333 227 122 403 30 174 558 355 833 565 309 206 661 654 397 213 419 51 590 302 597 677 185 182 569 334 451 566 665 613 313 341 689 310 229 662 398 681 217 601 214 678 124 692 690 405 570 357 99 598 345 617 186 342 141 314 771 233 45 77 43 614 666 421 13 75 525 139 147 230 269 83 218 267 531 682 53 547 291 163 602 409 361 275 195 523 579 323 643 406 358 425 736 572 57 808 625 618 346 387 453 684 78 188 46 142 241 234 457 668 316 270 35 422 67 11 54 369 515 131 19 526 259 14 362 220 3 433 626 410 604 454 801 465 242 426 896 348 58 620 481 236 496 89 101 773 628 412 153 537 105 777 364 281 458 370 785 802 244 60 804 434 632 85 428 113 149 466 25 165 482 372 549 102 774 533 277 197 293 169 436 581 553 484 201 460 645 561 177 297 468 585 325 705 649 305 209 657 593 329 86 488 673 337 150 389 393 248 609 401 278 166 534 225 90 778 550 353 198 582 646 786 294 154 106 538 417 49 282 792 326 376 92 780 449 156 788 720 390 472 440 540 97 284 114 769 69 37 81 133 108 73 145 41 137 21 161 529 273 545 265 289 517 261 193 26 521 577 641 321 385 70 38 22 116 262 134 17 518 65 33 129 9 513 5 6 170 257 554 706 1 202 562 28 178 650 298 172 708 556 586 204 300 652 306 210 712 658 588 594 120 330 180 332 674 564 308 338 396 660 212 610 394 226 832 676 596 402 184 568 354 340 612 228 664 418 312 680 600 216 404 688 50 356 616 344 232 44 420 450 140 76 52 408 268 524 360 12 424 56 624 452 456 240 98 368 770 432 464 800 74 138 42 82 146 162 88 100 480 546 152 772 530 266 522 536 290 104 194 274 776 578 280 642 784 322 386 112 84 148 164 548 168 552 532 200 276 292 196 176 584 296 560 580 24 648 18 66 130 34 258 10 644 304 656 514 208 2 704 592 324 328 336 672 392 388 608 400 224 352 416 48 448 96 768 72 80 40 136 144 68 36 132 160 20 272 528 544 264 288 520 192 260 516 576 320 640 384 32 16 64 8 128 4 256 512 0

SNR -18.500
511 735 750 751 758 759 761 762 763 764 765 766 767 830 831 847 855 859 861 862 863 871 875 877 878 879 883 885 886 887 888 889 890 891 892 893 894 895 911 915 919 921 922 923 924 925 926 927 931 933 934 935 937 938 939 940 941 942 943 945 946 947 948 949 950 951 952 953 954 955 956 957 958 959 963 965 966 967 969 970 971 972 973 974 975 977 978 979 980 981 982 983 984 985 986 987 988 989 990 991 993 994 995 996 997 998 999 1000 1001 1002 1003 1004 1005 1006 1007 1008 1009 1010 1011 1012 1013 1014 1015 1016 1017 1018 1019 1020 1021 1022 1023 882 918 910 749 881 829 755 827 917 870 876 884 873 874 757 823 867 869 907 909 747 992 857 743 509 964 860 903 854 853 968 976 507 961 815 703 851 846 734 936 962 858 845 932 920 510 733 760 929 944 930 826 916 756 843 880 754 913 908 914 825 731 872 828 822 748 906 868 753 866 905 503 746 821 727 745 902 839 856 852 865 799 901 819 702 742 850 814 508 960 506 639 701 732 741 849 495 928 844 813 730 719 505 899 842 699 824 912 729 739 811 502 752 841 820 798 726 904 501 695 479 744 638 838 864 807 255 447 818 383 725 797 700 494 499 637 687 900 837 127 740 635 493 504 575 671 812 319 718 191 723 817 223 607 631 239 623 795 351 491 247 698 848 415 367 251 487 439 375 431 463 471 379 63 253 443 475 717 791 477 381 478 445 697 254 835 95 159 783 382 898 810 543 728 738 287 111 715 119 446 711 694 175 500 31 123 207 655 559 303 591 183 335 125 399 693 567 311 679 663 691 215 571 187 809 840 737 315 599 573 126 615 667 343 683 231 219 603 897 685 407 498 669 359 686 347 317 79 189 221 619 235 423 143 636 497 605 271 527 47 627 55 806 724 411 190 621 363 574 670 349 455 59 15 243 427 222 237 629 796 633 318 413 606 634 245 805 371 622 365 350 435 803 459 630 238 429 61 103 373 467 492 246 775 437 461 483 485 366 87 489 414 490 430 469 151 438 249 535 279 374 551 199 486 250 647 295 167 583 62 794 722 327 470 462 378 377 91 787 155 391 779 441 793 539 473 107 836 283 442 721 71 474 781 285 93 115 135 789 23 39 157 541 519 263 252 790 816 7 27 109 476 94 782 555 158 380 716 171 707 203 299 286 542 117 179 563 444 587 651 110 29 307 659 709 211 331 173 557 713 675 205 696 714 595 121 118 653 301 395 589 834 339 611 710 181 333 227 122 403 30 174 558 355 833 565 309 206 661 654 397 213 419 51 590 302 597 677 185 182 569 334 451 566 665 613 313 341 689 310 229 662 398 681 217 601 214 678 124 692 690 405 570 357 99 598 345 617 186 342 141 314 771 233 45 77 43 614 666 421 13 75 525 139 147 230 269 83 218 267 531 682 53 547 291 163 602 409 361 275 195 523 579 323 643 406 358 425 736 572 57 808 625 618 346 387 453 684 78 188 46 142 241 234 457 668 316 270 35 422 67 11 54 369 515 131 19 526 259 14 362 220 3 433 626 410 604 454 801 465 242 426 896 348 58 620 481 236 496 89 101 773 628 412 153 537 105 777 364 281 458 370 785 802 244 60 804 434 632 85 428 113 149 466 25 165 482 372 549 102 774 533 277 197 293 169 436 581 553 484 201 460 645 561 177 297 468 585 325 705 649 305 209 657 593 329 86 488 673 337 150 389 393 248 609 401 278 166 534 225 90 778 550 353 198 582 646 786 294 154 106 538 417 49 282 792 326 376 92 780 449 156 788 720 390 472 440 540 97 284 114 769 69 37 81 133 108 73 145 41 137 21 161 529 273 545 265 289 517 261 193 26 521 577 641 321 385 70 38 22 116 262 134 17 518 65 33 129 9 513 5 6 170 257 554 706 1 202 562 28 178 650 298 172 708 556 586 204 300 652 306 210 712 658 588 594 120 330 180 332 674 564 308 338 396 660 212 610 394 226 832 676 596 402 184 568 354 340 612 228 664 418 312 680 600 216 404 688 50 356 616 344 232 44 420 450 140 76 52 408 268 524 360 12 424 56 624 452 456 240 98 368 770 432 464 800 74 138 42 82 146 162 88 100 480 546 152 772 530 266 522 536 290 104 194 274 776 578 280 642 784 322 386 112 84 148 164 548 168 552 532 200 276 292 196 176 584 296 560 580 24 648 18 66 130 34 258 10 644 304 656 514 208 2 704 592 324 328 336 672 392 388 608 400 224 352 416 48 448 96 768 72 80 40 136 144 68 36 132 160 20 272 528 544 264 288 520 192 260 516 576 320 640 384 32 16 64 8 128 4 256 512 0

SNR -18.000
495 503 507 509 510 511 639 703 727 731 733 734 735 743 747 749 750 751 755 756 757 758 759 761 762 763 764 765 766 767 799 815 823 826 827 828 829 830 831 843 845 846 847 851 853 854 855 857 858 859 860 861 862 863 867 869 870 871 873 874 875 876 877 878 879 881 882 883 884 885 886 887 888 889 890 891 892 893 894 895 903 907 909 910 911 915 917 918 919 921 922 923 924 925 926 927 931 933 934 935 937 938 939 940 941 942 943 945 946 947 948 949 950 951 952 953 954 955 956 957 958 959 963 965 966 967 969 970 971 972 973 974 975 976 977 978 979 980 981 982 983 984 985 986 987 988 989 990 991 992 993 994 995 996 997 998 999 1000 1001 1002 1003 1004 1005 1006 1007 1008 1009 1010 1011 1012 1013 1014 1015 1016 1017 1018 1019 1020 1021 1022 1023 822 748 701 719 968 825 920 944 754 936 746 962 702 964 753 961 695 760 821 839 508 932 813 745 742 914 880 732 814 916 930 929 908 819 906 872 730 913 506 902 868 739 741 501 905 505 866 699 901 865 811 726 502 850 729 725 856 842 798 844 499 824 797 899 700 852 841 795 687 752 820 723 838 638 812 698 807 849 740 960 479 837 912 718 817 744 494 493 928 818 637 697 904 717 810 738 694 635 864 715 835 809 728 693 791 900 491 504 737 500 848 806 724 671 898 805 447 478 711 796 722 840 691 631 686 498 487 897 477 794 636 783 721 836 716 492 685 497 816 793 696 803 623 634 383 255 475 714 834 490 790 683 692 471 808 633 575 607 670 127 446 191 463 319 489 713 223 789 445 239 351 630 736 439 367 431 443 415 669 679 375 833 247 710 251 253 379 486 63 381 690 667 629 254 804 476 787 382 655 159 543 111 95 119 287 663 485 709 782 567 559 627 175 684 689 483 591 622 207 335 496 31 571 619 599 303 399 603 183 123 621 125 615 720 474 707 311 215 187 315 473 896 781 219 343 231 455 573 779 467 802 189 126 605 347 407 359 423 317 775 459 411 606 79 574 427 190 461 363 469 792 143 237 221 235 271 527 318 47 349 470 243 413 437 429 682 435 55 462 245 350 365 222 238 371 15 430 59 438 414 373 801 441 681 366 246 103 632 535 61 647 444 87 442 374 551 249 151 295 167 377 675 250 677 378 199 678 279 62 583 488 327 91 539 155 283 651 93 252 391 712 668 107 541 157 788 659 263 555 109 653 23 115 587 380 285 519 39 557 665 71 135 94 661 171 542 563 666 7 27 117 611 299 158 595 286 110 203 179 654 662 173 307 211 589 628 331 29 339 205 832 301 395 118 590 565 597 613 625 403 786 121 309 558 484 566 333 626 174 227 181 419 397 451 302 206 355 601 785 213 569 598 771 617 30 122 708 570 482 185 341 481 334 602 618 51 614 313 310 182 214 405 398 229 345 453 217 314 357 421 124 688 620 457 409 342 233 777 773 705 99 361 75 186 45 706 218 422 141 531 77 604 43 547 425 523 572 465 346 780 230 83 643 139 406 267 579 269 147 13 53 163 525 454 291 275 358 458 195 774 778 466 323 188 472 78 316 234 387 241 57 410 142 426 362 526 433 220 369 270 46 54 468 236 11 35 460 131 67 515 19 259 3 348 412 242 14 434 428 364 89 370 101 537 58 436 244 645 153 549 673 85 281 533 105 649 60 149 581 372 165 657 277 553 293 585 113 25 197 440 169 646 680 561 102 325 593 201 297 177 550 800 534 305 609 329 209 582 150 389 248 86 337 674 393 278 401 166 538 90 376 676 198 225 294 282 154 353 417 326 92 650 449 49 540 106 769 390 658 284 156 652 97 114 554 69 660 73 133 37 108 545 21 556 81 41 529 517 521 641 137 145 586 161 265 273 577 261 289 562 193 321 26 116 170 385 664 70 22 588 594 38 134 518 33 202 65 17 178 129 262 9 257 5 513 298 172 6 306 610 1 28 204 564 596 300 210 612 330 338 308 180 394 332 120 396 624 402 784 212 616 568 226 340 600 450 418 354 184 312 404 480 228 420 770 344 356 216 50 452 232 408 776 456 772 360 424 44 704 76 140 524 52 268 464 12 56 432 240 368 98 74 642 138 42 82 522 530 546 146 162 266 578 88 274 290 536 152 100 194 672 280 548 644 322 648 104 84 532 552 148 386 656 164 580 584 276 112 292 168 560 296 196 592 200 24 176 324 304 328 608 34 130 208 18 66 10 514 258 2 336 392 388 400 224 352 416 448 48 768 96 72 80 40 68 136 36 528 544 144 520 132 20 640 516 272 264 288 160 576 260 192 320 384 32 16 64 8 128 4 512 256 0

SNR -17.500
495 503 507 509 510 511 639 703 727 731 733 734 735 743 747 749 750 751 755 756 757 758 759 761 762 763 764 765 766 767 799 815 823 826 827 828 829 830 831 843 845 846 847 851 853 854 855 857 858 859 860 861 862 863 867 869 870 871 873 874 875 876 877 878 879 881 882 883 884 885 886 887 888 889 890 891 892 893 894 895 903 907 909 910 911 915 917 918 919 921 922 923 924 925 926 927 931 933 934 935 937 938 939 940 941 942 943 945 946 947 948 949 950 951 952 953 954 955 956 957 958 959 963 965 966 967 969 970 971 972 973 974 975 976 977 978 979 980 981 982 983 984 985 986 987 988 989 990 991 992 993 994 995 996 997 998 999 1000 1001 1002 1003 1004 1005 1006 1007 1008 1009 1010 1011 1012 1013 1014 1015 1016 1017 1018 1019 1020 1021 1022 1023 822 748 701 719 968 825 920 944 754 936 746 962 702 964 753 961 695 760 821 839 508 932 813 745 742 914 880 732 814 916 930 929 908 819 906 872 730 913 506 902 868 739 741 501 905 505 866 699 901 865 811 726 502 850 729 725 856 842 798 844 499 824 797 899 700 852 841 795 687 752 820 723 838 638 812 698 807 849 740 960 479 837 912 718 817 744 494 493 928 818 637 697 904 717 810 738 694 635 864 715 835 809 728 693 791 900 491 504 737 500 848 806 724 671 898 805 447 478 711 796 722 840 691 631 686 498 487 897 477 794 636 783 721 836 716 492 685 497 816 793 696 803 623 634 383 255 475 714 834 490 790 683 692 471 808 633 575 607 670 127 446 191 463 319 489 713 223 789 445 239 351 630 736 439 367 431 443 415 669 679 375 833 247 710 251 253 379 486 63 381 690 667 629 254 804 476 787 382 655 159 543 111 95 119 287 663 485 709 782 567 559 627 175 684 689 483 591 622 207 335 496 31 571 619 599 303 399 603 183 123 621 125 615 720 474 707 311 215 187 315 473 896 781 219 343 231 455 573 779 467 802 189 126 605 347 407 359 423 317 775 459 411 606 79 574 427 190 461 363 469 792 143 237 221 235 271 527 318 47 349 470 243 413 437 429 682 435 55 462 245 350 365 222 238 371 15 430 59 438 414 373 801 441 681 366 246 103 632 535 61 647 444 87 442 374 551 249 151 295 167 377 675 250 677 378 199 678 279 62 583 488 327 91 539 155 283 651 93 252 391 712 668 107 541 157 788 659 263 555 109 653 23 115 587 380 285 519 39 557 665 71 135 94 661 171 542 563 666 7 27 117 611 299 158 595 286 110 203 179 654 662 173 307 211 589 628 331 29 339 205 832 301 395 118 590 565 597 613 625 403 786 121 309 558 484 566 333 626 174 227 181 419 397 451 302 206 355 601 785 213 569 598 771 617 30 122 708 570 482 185 341 481 334 602 618 51 614 313 310 182 214 405 398 229 345 453 217 314 357 421 124 688 620 457 409 342 233 777 773 705 99 361 75 186 45 706 218 422 141 531 77 604 43 547 425 523 572 465 346 780 230 83 643 139 406 267 579 269 147 13 53 163 525 454 291 275 358 458 195 774 778 466 323 188 472 78 316 234 387 241 57 410 142 426 362 526 433 220 369 270 46 54 468 236 11 35 460 131 67 515 19 259 3 348 412 242 14 434 428 364 89 370 101 537 58 436 244 645 153 549 673 85 281 533 105 649 60 149 581 372 165 657 277 553 293 585 113 25 197 440 169 646 680 561 102 325 593 201 297 177 550 800 534 305 609 329 209 582 150 389 248 86 337 674 393 278 401 166 538 90 376 676 198 225 294 282 154 353 417 326 92 650 449 49 540 106 769 390 658 284 156 652 97 114 554 69 660 73 133 37 108 545 21 556 81 41 529 517 521 641 137 145 586 161 265 273 577 261 289 562 193 321 26 116 170 385 664 70 22 588 594 38 134 518 33 202 65 17 178 129 262 9 257 5 513 298 172 6 306 610 1 28 204 564 596 300 210 612 330 338 308 180 394 332 120 396 624 402 784 212 616 568 226 340 600 450 418 354 184 312 404 480 228 420 770 344 356 216 50 452 232 408 776 456 772 360 424 44 704 76 140 524 52 268 464 12 56 432 240 368 98 74 642 138 42 82 522 530 546 146 162 266 578 88 274 290 536 152 100 194 672 280 548 644 322 648 104 84 532 552 148 386 656 164 580 584 276 112 292 168 560 296 196 592 200 24 176 324 304 328 608 34 130 208 18 66 10 514 258 2 336 392 388 400 224 352 416 448 48 768 96 72 80 40 68 136 36 528 544 144 520 132 20 640 516 272 264 288 160 576 260 192 320 384 32 16 64 8 128 4 512 256 0

SNR -17.000
479 491 493 494 495 499 501 502 503 505 506 507 508 509 510 511 631 635 637 638 639 671 687 695 699 701 702 703 717 718 719 723 725 726 727 729 730 731 732 733 734 735 739 741 742 743 745 746 747 748 749 750 751 753 754 755 756 757 758 759 760 761 762 763 764 765 766 767 795 797 798 799 807 811 813 814 815 819 821 822 823 825 826 827 828 829 830 831 839 843 845 846 847 851 853 854 855 857 858 859 860 861 862 863 867 869 870 871 873 874 875 876 877 878 879 880 881 882 883 884 885 886 887 888 889 890 891 892 893 894 895 903 907 909 910 911 914 915 916 917 918 919 920 921 922 923 924 925 926 927 929 930 931 932 933 934 935 936 937 938 939 940 941 942 943 944 945 946 947 948 949 950 951 952 953 954 955 956 957 958 959 961 962 963 964 965 966 967 968 969 970 971 972 973 974 975 976 977 978 979 980 981 982 983 984 985 986 987 988 989 990 991 992 993 994 995 996 997 998 999 1000 1001 1002 1003 1004 1005 1006 1007 1008 1009 1010 1011 1012 1013 1014 1015 1016 1017 1018 1019 1020 1021 1022 1023 906 908 700 913 902 850 856 852 866 905 868 872 791 844 487 865 849 715 478 899 697 693 824 694 841 447 698 842 820 901 691 711 818 837 838 686 685 835 809 817 810 477 623 812 806 752 683 504 475 636 783 740 744 805 803 796 737 633 500 794 497 928 904 492 912 960 738 721 724 848 790 634 498 728 900 722 898 864 793 490 840 789 670 716 897 669 471 713 629 710 489 630 714 679 692 836 446 667 696 816 690 445 787 834 383 486 709 684 607 476 689 485 627 808 463 782 682 622 833 804 474 483 781 443 707 621 663 473 736 802 681 792 470 496 720 678 632 668 779 801 439 469 619 712 488 788 575 677 628 444 382 255 606 666 655 484 896 786 708 467 462 381 688 615 626 431 442 675 605 665 775 482 379 461 706 472 785 415 620 662 780 127 441 832 625 319 191 603 223 375 351 680 239 247 367 251 253 459 254 438 481 599 63 574 661 591 618 468 705 543 437 455 573 95 778 559 571 159 567 111 287 435 119 175 303 659 617 207 399 676 654 123 335 183 423 800 427 311 407 380 187 31 125 430 215 429 315 343 411 231 347 413 466 363 317 653 219 777 359 189 614 126 235 349 221 365 378 377 647 651 527 371 414 604 318 373 79 47 243 143 190 237 465 222 271 350 245 55 613 374 611 366 238 460 774 674 664 59 15 246 583 249 551 250 535 61 103 539 602 87 151 440 587 773 279 167 595 327 295 91 601 589 252 555 597 771 673 199 62 541 391 458 624 155 283 590 457 563 598 107 93 451 784 557 157 542 453 94 285 171 565 519 299 115 454 23 71 39 109 263 135 569 558 179 395 203 566 307 27 158 117 331 480 173 7 286 570 403 660 339 301 211 110 419 572 397 436 205 333 174 309 181 118 29 405 355 433 121 434 421 302 227 213 398 334 425 206 341 30 182 122 704 643 422 409 406 310 658 313 426 185 357 217 345 229 214 657 410 51 342 314 186 361 428 233 346 616 218 358 523 531 230 362 645 124 649 547 579 99 43 75 139 234 525 83 147 45 188 316 369 77 163 412 141 275 267 269 291 652 53 646 241 220 195 650 370 13 323 348 387 364 526 776 57 142 78 46 242 609 270 236 54 376 581 372 533 67 515 549 19 35 11 537 131 259 612 244 464 585 610 3 101 89 85 58 553 593 14 153 149 582 281 105 277 769 561 534 550 165 293 538 60 102 197 169 113 297 325 449 389 248 586 86 201 329 305 150 393 177 25 772 594 401 278 209 540 90 337 596 417 554 166 588 600 770 294 154 282 326 672 353 198 390 225 106 562 556 456 92 641 49 156 450 284 452 108 170 564 114 529 517 545 521 298 69 577 37 97 73 81 41 133 21 137 145 261 161 273 265 289 116 568 394 330 202 178 306 193 321 385 26 172 300 402 518 22 70 134 38 396 262 204 338 33 513 5 65 17 9 210 418 332 129 180 28 257 308 1 6 404 420 212 120 354 340 432 424 226 356 184 312 408 228 656 216 344 642 360 232 50 644 648 524 44 76 140 52 268 368 530 522 240 56 546 578 12 98 74 42 608 138 82 536 580 146 532 548 584 266 162 274 290 100 552 88 84 152 592 194 280 322 104 148 386 276 560 164 768 292 296 168 112 196 448 200 324 388 328 392 176 304 400 24 208 336 66 34 514 416 18 10 130 258 2 352 224 48 640 528 520 544 516 40 72 68 80 576 136 36 96 144 132 20 272 264 160 260 288 192 320 384 32 16 64 8 512 128 4 256 0

SNR -16.500
479 491 493 494 495 499 501 502 503 505 506 507 508 509 510 511 631 635 637 638 639 671 687 695 699 701 702 703 717 718 719 723 725 726 727 729 730 731 732 733 734 735 739 741 742 743 745 746 747 748 749 750 751 753 754 755 756 757 758 759 760 761 762 763 764 765 766 767 795 797 798 799 807 811 813 814 815 819 821 822 823 825 826 827 828 829 830 831 839 843 845 846 847 851 853 854 855 857 858 859 860 861 862 863 867 869 870 871 873 874 875 876 877 878 879 880 881 882 883 884 885 886 887 888 889 890 891 892 893 894 895 903 907 909 910 911 914 915 916 917 918 919 920 921 922 923 924 925 926 927 929 930 931 932 933 934 935 936 937 938 939 940 941 942 943 944 945 946 947 948 949 950 951 952 953 954 955 956 957 958 959 961 962 963 964 965 966 967 968 969 970 971 972 973 974 975 976 977 978 979 980 981 982 983 984 985 986 987 988 989 990 991 992 993 994 995 996 997 998 999 1000 1001 1002 1003 1004 1005 1006 1007 1008 1009 1010 1011 1012 1013 1014 1015 1016 1017 1018 1019 1020 1021 1022 1023 906 908 700 913 902 850 856 852 866 905 868 872 791 844 487 865 849 715 478 899 697 693 824 694 841 447 698 842 820 901 691 711 818 837 838 686 685 835 809 817 810 477 623 812 806 752 683 504 475 636 783 740 744 805 803 796 737 633 500 794 497 928 904 492 912 960 738 721 724 848 790 634 498 728 900 722 898 864 793 490 840 789 670 716 897 669 471 713 629 710 489 630 714 679 692 836 446 667 696 816 690 445 787 834 383 486 709 684 607 476 689 485 627 808 463 782 682 622 833 804 474 483 781 443 707 621 663 473 736 802 681 792 470 496 720 678 632 668 779 801 439 469 619 712 488 788 575 677 628 444 382 255 606 666 655 484 896 786 708 467 462 381 688 615 626 431 442 675 605 665 775 482 379 461 706 472 785 415 620 662 780 127 441 832 625 319 191 603 223 375 351 680 239 247 367 251 253 459 254 438 481 599 63 574 661 591 618 468 705 543 437 455 573 95 778 559 571 159 567 111 287 435 119 175 303 659 617 207 399 676 654 123 335 183 423 800 427 311 407 380 187 31 125 430 215 429 315 343 411 231 347 413 466 363 317 653 219 777 359 189 614 126 235 349 221 365 378 377 647 651 527 371 414 604 318 373 79 47 243 143 190 237 465 222 271 350 245 55 613 374 611 366 238 460 774 674 664 59 15 246 583 249 551 250 535 61 103 539 602 87 151 440 587 773 279 167 595 327 295 91 601 589 252 555 597 771 673 199 62 541 391 458 624 155 283 590 457 563 598 107 93 451 784 557 157 542 453 94 285 171 565 519 299 115 454 23 71 39 109 263 135 569 558 179 395 203 566 307 27 158 117 331 480 173 7 286 570 403 660 339 301 211 110 419 572 397 436 205 333 174 309 181 118 29 405 355 433 121 434 421 302 227 213 398 334 425 206 341 30 182 122 704 643 422 409 406 310 658 313 426 185 357 217 345 229 214 657 410 51 342 314 186 361 428 233 346 616 218 358 523 531 230 362 645 124 649 547 579 99 43 75 139 234 525 83 147 45 188 316 369 77 163 412 141 275 267 269 291 652 53 646 241 220 195 650 370 13 323 348 387 364 526 776 57 142 78 46 242 609 270 236 54 376 581 372 533 67 515 549 19 35 11 537 131 259 612 244 464 585 610 3 101 89 85 58 553 593 14 153 149 582 281 105 277 769 561 534 550 165 293 538 60 102 197 169 113 297 325 449 389 248 586 86 201 329 305 150 393 177 25 772 594 401 278 209 540 90 337 596 417 554 166 588 600 770 294 154 282 326 672 353 198 390 225 106 562 556 456 92 641 49 156 450 284 452 108 170 564 114 529 517 545 521 298 69 577 37 97 73 81 41 133 21 137 145 261 161 273 265 289 116 568 394 330 202 178 306 193 321 385 26 172 300 402 518 22 70 134 38 396 262 204 338 33 513 5 65 17 9 210 418 332 129 180 28 257 308 1 6 404 420 212 120 354 340 432 424 226 356 184 312 408 228 656 216 344 642 360 232 50 644 648 524 44 76 140 52 268 368 530 522 240 56 546 578 12 98 74 42 608 138 82 536 580 146 532 548 584 266 162 274 290 100 552 88 84 152 592 194 280 322 104 148 386 276 560 164 768 292 296 168 112 196 448 200 324 388 328 392 176 304 400 24 208 336 66 34 514 416 18 10 130 258 2 352 224 48 640 528 520 544 516 40 72 68 80 576 136 36 96 144 132 20 272 264 160 260 288 192 320 384 32 16 64 8 512 128 4 256 0

SNR -16.000
383 443 445 446 447 463 471 475 476 477 478 479 487 489 491 492 493 494 495 497 498 499 500 501 502 503 504 505 506 507 508 509 510 511 607 622 623 627 629 630 631 633 634 635 636 637 638 639 663 667 669 670 671 679 683 685 686 687 691 693 694 695 697 698 699 700 701 702 703 711 715 717 718 719 723 725 726 727 728 729 730 731 732 733 734 735 737 738 739 740 741 742 743 744 745 746 747 748 749 750 751 752 753 754 755 756 757 758 759 760 761 762 763 764 765 766 767 783 791 795 797 798 799 805 807 809 810 811 812 813 814 815 817 818 819 820 821 822 823 824 825 826 827 828 829 830 831 835 837 838 839 841 842 843 844 845 846 847 849 850 851 852 853 854 855 856 857 858 859 860 861 862 863 865 866 867 868 869 870 871 872 873 874 875 876 877 878 879 880 881 882 883 884 885 886 887 888 889 890 891 892 893 894 895 899 901 902 903 905 906 907 908 909 910 911 913 914 915 916 917 918 919 920 921 922 923 924 925 926 927 929 930 931 932 933 934 935 936 937 938 939 940 941 942 943 944 945 946 947 948 949 950 951 952 953 954 955 956 957 958 959 961 962 963 964 965 966 967 968 969 970 971 972 973 974 975 976 977 978 979 980 981 982 983 984 985 986 987 988 989 990 991 992 993 994 995 996 997 998 999 1000 1001 1002 1003 1004 1005 1006 1007 1008 1009 1010 1011 1012 1013 1014 1015 1016 1017 1018 1019 1020 1021 1022 1023 794 716 793 724 486 485 790 806 621 439 803 713 619 696 710 714 722 789 709 470 721 490 474 796 684 689 655 473 483 692 682 575 681 787 615 960 782 707 678 431 469 781 864 928 912 690 382 668 606 467 897 605 900 779 848 904 675 677 444 836 462 666 834 816 603 898 442 833 255 381 662 438 840 461 808 459 775 792 441 804 625 632 736 661 801 788 665 626 628 484 712 618 802 720 482 599 659 620 488 708 786 379 415 496 437 472 375 481 617 706 614 688 654 785 680 573 435 653 455 574 780 705 466 468 429 430 613 778 604 676 465 380 777 602 674 651 896 460 591 664 611 378 571 440 367 254 427 673 832 601 774 458 660 377 253 436 624 414 598 800 457 773 374 658 434 567 597 647 413 423 616 454 251 784 480 373 572 657 351 652 433 428 453 612 771 411 595 590 704 247 371 559 319 570 464 366 127 191 650 776 239 451 223 426 252 407 543 365 600 610 589 569 376 63 399 425 672 363 649 287 159 359 95 587 456 250 119 566 335 111 175 303 350 422 183 311 349 343 609 207 412 347 249 123 215 583 772 315 187 31 317 125 565 646 219 243 231 596 245 189 235 246 372 421 221 237 126 318 563 527 190 419 238 222 551 535 410 557 558 271 555 645 47 79 539 143 432 55 452 370 409 656 59 541 594 391 643 15 87 279 403 369 770 103 542 395 151 61 406 295 327 405 91 167 397 199 62 155 593 107 283 398 364 450 285 299 331 157 93 171 769 361 588 339 307 362 179 115 109 355 519 158 203 94 286 449 173 333 357 301 39 23 568 135 211 71 341 263 309 110 117 205 358 181 302 174 118 27 7 334 310 342 586 227 345 579 213 585 182 424 206 121 313 29 185 346 314 581 122 229 348 214 648 523 233 30 217 186 582 547 531 218 248 51 230 316 525 234 124 241 242 608 188 564 43 75 561 244 83 139 533 549 267 275 220 526 562 99 236 387 45 147 291 553 77 141 420 269 53 163 537 323 417 195 534 418 550 57 13 78 46 554 142 270 538 556 515 54 644 389 85 67 11 35 131 101 19 641 277 393 401 259 89 281 149 153 293 14 58 3 105 390 165 540 325 642 297 402 169 329 408 86 278 102 197 60 150 201 305 394 113 294 337 90 404 177 353 326 154 166 368 396 209 25 282 106 198 225 577 298 592 92 156 330 170 284 517 521 529 545 114 306 338 49 108 202 354 300 178 69 332 172 768 37 73 356 41 81 21 340 360 133 273 137 145 261 97 265 116 385 518 289 204 308 161 448 321 210 193 26 180 38 70 22 134 212 262 513 33 65 17 129 9 5 226 257 28 578 584 344 120 6 312 1 228 580 184 216 232 522 524 530 546 240 50 532 548 560 44 76 140 552 268 52 536 416 42 74 82 56 138 386 274 266 98 146 290 12 162 322 388 84 392 88 276 100 148 400 640 280 152 292 194 104 164 324 296 168 328 196 200 336 112 304 176 352 208 24 514 34 66 18 10 130 258 224 576 2 520 528 516 544 48 72 68 36 40 80 136 272 20 144 264 132 96 260 288 384 160 320 192 512 32 16 64 8 4 128 256 0

SNR -15.500
383 443 445 446 447 463 471 475 476 477 478 479 487 489 491 492 493 494 495 497 498 499 500 501 502 503 504 505 506 507 508 509 510 511 607 622 623 627 629 630 631 633 634 635 636 637 638 639 663 667 669 670 671 679 683 685 686 687 691 693 694 695 697 698 699 700 701 702 703 711 715 717 718 719 723 725 726 727 728 729 730 731 732 733 734 735 737 738 739 740 741 742 743 744 745 746 747 748 749 750 751 752 753 754 755 756 757 758 759 760 761 762 763 764 765 766 767 783 791 795 797 798 799 805 807 809 810 811 812 813 814 815 817 818 819 820 821 822 823 824 825 826 827 828 829 830 831 835 837 838 839 841 842 843 844 845 846 847 849 850 851 852 853 854 855 856 857 858 859 860 861 862 863 865 866 867 868 869 870 871 872 873 874 875 876 877 878 879 880 881 882 883 884 885 886 887 888 889 890 891 892 893 894 895 899 901 902 903 905 906 907 908 909 910 911 913 914 915 916 917 918 919 920 921 922 923 924 925 926 927 929 930 931 932 933 934 935 936 937 938 939 940 941 942 943 944 945 946 947 948 949 950 951 952 953 954 955 956 957 958 959 961 962 963 964 965 966 967 968 969 970 971 972 973 974 975 976 977 978 979 980 981 982 983 984 985 986 987 988 989 990 991 992 993 994 995 996 997 998 999 1000 1001 1002 1003 1004 1005 1006 1007 1008 1009 1010 1011 1012 1013 1014 1015 1016 1017 1018 1019 1020 1021 1022 1023 794 716 793 724 486 485 790 806 621 439 803 713 619 696 710 714 722 789 709 470 721 490 474 796 684 689 655 473 483 692 682 575 681 787 615 960 782 707 678 431 469 781 864 928 912 690 382 668 606 467 897 605 900 779 848 904 675 677 444 836 462 666 834 816 603 898 442 833 255 381 662 438 840 461 808 459 775 792 441 804 625 632 736 661 801 788 665 626 628 484 712 618 802 720 482 599 659 620 488 708 786 379 415 496 437 472 375 481 617 706 614 688 654 785 680 573 435 653 455 574 780 705 466 468 429 430 613 778 604 676 465 380 777 602 674 651 896 460 591 664 611 378 571 440 367 254 427 673 832 601 774 458 660 377 253 436 624 414 598 800 457 773 374 658 434 567 597 647 413 423 616 454 251 784 480 373 572 657 351 652 433 428 453 612 771 411 595 590 704 247 371 559 319 570 464 366 127 191 650 776 239 451 223 426 252 407 543 365 600 610 589 569 376 63 399 425 672 363 649 287 159 359 95 587 456 250 119 566 335 111 175 303 350 422 183 311 349 343 609 207 412 347 249 123 215 583 772 315 187 31 317 125 565 646 219 243 231 596 245 189 235 246 372 421 221 237 126 318 563 527 190 419 238 222 551 535 410 557 558 271 555 645 47 79 539 143 432 55 452 370 409 656 59 541 594 391 643 15 87 279 403 369 770 103 542 395 151 61 406 295 327 405 91 167 397 199 62 155 593 107 283 398 364 450 285 299 331 157 93 171 769 361 588 339 307 362 179 115 109 355 519 158 203 94 286 449 173 333 357 301 39 23 568 135 211 71 341 263 309 110 117 205 358 181 302 174 118 27 7 334 310 342 586 227 345 579 213 585 182 424 206 121 313 29 185 346 314 581 122 229 348 214 648 523 233 30 217 186 582 547 531 218 248 51 230 316 525 234 124 241 242 608 188 564 43 75 561 244 83 139 533 549 267 275 220 526 562 99 236 387 45 147 291 553 77 141 420 269 53 163 537 323 417 195 534 418 550 57 13 78 46 554 142 270 538 556 515 54 644 389 85 67 11 35 131 101 19 641 277 393 401 259 89 281 149 153 293 14 58 3 105 390 165 540 325 642 297 402 169 329 408 86 278 102 197 60 150 201 305 394 113 294 337 90 404 177 353 326 154 166 368 396 209 25 282 106 198 225 577 298 592 92 156 330 170 284 517 521 529 545 114 306 338 49 108 202 354 300 178 69 332 172 768 37 73 356 41 81 21 340 360 133 273 137 145 261 97 265 116 385 518 289 204 308 161 448 321 210 193 26 180 38 70 22 134 212 262 513 33 65 17 129 9 5 226 257 28 578 584 344 120 6 312 1 228 580 184 216 232 522 524 530 546 240 50 532 548 560 44 76 140 552 268 52 536 416 42 74 82 56 138 386 274 266 98 146 290 12 162 322 388 84 392 88 276 100 148 400 640 280 152 292 194 104 164 324 296 168 328 196 200 336 112 304 176 352 208 24 514 34 66 18 10 130 258 224 576 2 520 528 516 544 48 72 68 36 40 80 136 272 20 144 264 132 96 260 288 384 160 320 192 512 32 16 64 8 4 128 256 0

SNR -15.000
255 367 375 379 381 382 383 415 423 427 429 430 431 435 437 438 439 441 442 443 444 445 446 447 455 459 461 462 463 467 469 470 471 473 474 475 476 477 478 479 483 485 486 487 489 490 491 492 493 494 495 497 498 499 500 501 502 503 504 505 506 507 508 509 510 511 567 571 573 574 575 591 599 603 605 606 607 615 619 621 622 623 626 627 628 629 630 631 632 633 634 635 636 637 638 639 655 659 661 662 663 665 666 667 668 669 670 671 675 677 678 679 681 682 683 684 685 686 687 689 690 691 692 693 694 695 696 697 698 699 700 701 702 703 707 709 710 711 713 714 715 716 717 718 719 721 722 723 724 725 726 727 728 729 730 731 732 733 734 735 737 738 739 740 741 742 743 744 745 746 747 748 749 750 751 752 753 754 755 756 757 758 759 760 761 762 763 764 765 766 767 779 781 782 783 787 789 790 791 793 794 795 796 797 798 799 803 805 806 807 809 810 811 812 813 814 815 817 818 819 820 821 822 823 824 825 826 827 828 829 830 831 835 837 838 839 841 842 843 844 845 846 847 849 850 851 852 853 854 855 856 857 858 859 860 861 862 863 865 866 867 868 869 870 871 872 873 874 875 876 877 878 879 880 881 882 883 884 885 886 887 888 889 890 891 892 893 894 895 899 901 902 903 905 906 907 908 909 910 911 913 914 915 916 917 918 919 920 921 922 923 924 925 926 927 929 930 931 932 933 934 935 936 937 938 939 940 941 942 943 944 945 946 947 948 949 950 951 952 953 954 955 956 957 958 959 961 962 963 964 965 966 967 968 969 970 971 972 973 974 975 976 977 978 979 980 981 982 983 984 985 986 987 988 989 990 991 992 993 994 995 996 997 998 999 1000 1001 1002 1003 1004 1005 1006 1007 1008 1009 1010 1011 1012 1013 1014 1015 1016 1017 1018 1019 1020 1021 1022 1023 414 960 653 928 651 351 775 654 864 254 900 411 912 617 488 620 904 378 377 848 484 602 614 625 481 601 618 496 472 816 482 834 413 897 808 840 613 598 611 833 898 466 380 253 836 465 802 374 468 736 792 604 647 788 373 458 597 720 712 371 365 804 708 460 454 801 785 688 778 706 407 780 595 440 363 366 680 251 453 457 664 660 676 777 434 786 572 433 570 451 673 590 773 425 705 657 426 559 569 428 589 658 652 319 565 587 421 436 247 616 649 350 771 399 624 566 774 650 674 359 832 600 376 610 480 896 422 252 412 612 410 349 543 239 596 646 800 409 784 609 583 464 645 372 249 419 370 594 563 250 347 558 406 456 704 593 776 405 364 452 588 432 369 557 246 362 672 772 450 568 586 643 424 245 656 361 318 555 223 343 403 398 449 770 585 358 564 420 243 317 238 542 348 648 582 397 357 769 562 418 408 551 608 237 335 248 541 346 315 191 644 581 368 561 395 127 556 355 417 345 404 235 592 311 539 222 244 303 342 642 63 554 579 287 231 221 391 360 159 95 535 111 402 219 207 215 175 242 341 316 119 183 187 123 527 189 584 448 553 125 339 190 241 31 641 126 401 334 396 236 314 550 356 331 333 327 271 313 79 47 143 540 55 279 59 295 307 283 299 234 310 549 309 87 167 151 301 103 394 768 61 91 547 15 285 233 199 155 580 302 227 107 354 203 171 93 157 286 344 229 62 538 560 393 519 211 230 416 115 173 537 109 205 94 179 158 531 213 353 181 110 117 523 263 220 206 214 174 387 217 23 390 533 218 39 71 389 525 118 135 534 185 182 121 27 578 526 7 122 186 29 340 577 188 30 267 323 124 51 275 338 43 337 75 139 291 269 83 147 99 552 325 45 163 77 329 141 240 53 270 195 326 330 277 293 400 332 46 78 57 54 640 515 142 281 297 85 13 149 305 278 101 294 312 153 165 89 35 19 58 67 197 11 259 131 282 306 105 86 545 169 298 150 201 548 102 14 3 166 308 225 209 154 60 300 90 113 177 198 546 284 517 529 521 232 226 106 202 385 170 25 92 228 156 210 518 108 178 114 204 172 392 536 212 530 180 522 116 49 261 265 37 273 532 69 321 21 41 386 352 73 133 289 81 137 145 216 524 97 388 161 193 262 38 70 22 26 184 134 120 513 17 33 65 5 257 129 9 28 1 6 576 268 322 50 266 336 274 44 76 324 42 74 140 328 52 290 138 82 146 276 292 98 162 56 84 280 296 148 194 100 152 304 88 164 12 196 104 168 200 544 514 224 208 112 176 520 516 528 24 384 34 66 258 18 10 130 2 48 264 272 36 40 260 72 320 68 136 20 80 288 132 144 96 160 192 512 32 16 64 8 256 4 128 0

SNR -14.500
255 367 375 379 381 382 383 415 423 427 429 430 431 435 437 438 439 441 442 443 444 445 446 447 455 459 461 462 463 467 469 470 471 473 474 475 476 477 478 479 483 485 486 487 489 490 491 492 493 494 495 497 498 499 500 501 502 503 504 505 506 507 508 509 510 511 567 571 573 574 575 591 599 603 605 606 607 615 619 621 622 623 626 627 628 629 630 631 632 633 634 635 636 637 638 639 655 659 661 662 663 665 666 667 668 669 670 671 675 677 678 679 681 682 683 684 685 686 687 689 690 691 692 693 694 695 696 697 698 699 700 701 702 703 707 709 710 711 713 714 715 716 717 718 719 721 722 723 724 725 726 727 728 729 730 731 732 733 734 735 737 738 739 740 741 742 743 744 745 746 747 748 749 750 751 752 753 754 755 756 757 758 759 760 761 762 763 764 765 766 767 779 781 782 783 787 789 790 791 793 794 795 796 797 798 799 803 805 806 807 809 810 811 812 813 814 815 817 818 819 820 821 822 823 824 825 826 827 828 829 830 831 835 837 838 839 841 842 843 844 845 846 847 849 850 851 852 853 854 855 856 857 858 859 860 861 862 863 865 866 867 868 869 870 871 872 873 874 875 876 877 878 879 880 881 882 883 884 885 886 887 888 889 890 891 892 893 894 895 899 901 902 903 905 906 907 908 909 910 911 913 914 915 916 917 918 919 920 921 922 923 924 925 926 927 929 930 931 932 933 934 935 936 937 938 939 940 941 942 943 944 945 946 947 948 949 950 951 952 953 954 955 956 957 958 959 961 962 963 964 965 966 967 968 969 970 971 972 973 974 975 976 977 978 979 980 981 982 983 984 985 986 987 988 989 990 991 992 993 994 995 996 997 998 999 1000 1001 1002 1003 1004 1005 1006 1007 1008 1009 1010 1011 1012 1013 1014 1015 1016 1017 1018 1019 1020 1021 1022 1023 414 960 653 928 651 351 775 654 864 254 900 411 912 617 488 620 904 378 377 848 484 602 614 625 481 601 618 496 472 816 482 834 413 897 808 840 613 598 611 833 898 466 380 253 836 465 802 374 468 736 792 604 647 788 373 458 597 720 712 371 365 804 708 460 454 801 785 688 778 706 407 780 595 440 363 366 680 251 453 457 664 660 676 777 434 786 572 433 570 451 673 590 773 425 705 657 426 559 569 428 589 658 652 319 565 587 421 436 247 616 649 350 771 399 624 566 774 650 674 359 832 600 376 610 480 896 422 252 412 612 410 349 543 239 596 646 800 409 784 609 583 464 645 372 249 419 370 594 563 250 347 558 406 456 704 593 776 405 364 452 588 432 369 557 246 362 672 772 450 568 586 643 424 245 656 361 318 555 223 343 403 398 449 770 585 358 564 420 243 317 238 542 348 648 582 397 357 769 562 418 408 551 608 237 335 248 541 346 315 191 644 581 368 561 395 127 556 355 417 345 404 235 592 311 539 222 244 303 342 642 63 554 579 287 231 221 391 360 159 95 535 111 402 219 207 215 175 242 341 316 119 183 187 123 527 189 584 448 553 125 339 190 241 31 641 126 401 334 396 236 314 550 356 331 333 327 271 313 79 47 143 540 55 279 59 295 307 283 299 234 310 549 309 87 167 151 301 103 394 768 61 91 547 15 285 233 199 155 580 302 227 107 354 203 171 93 157 286 344 229 62 538 560 393 519 211 230 416 115 173 537 109 205 94 179 158 531 213 353 181 110 117 523 263 220 206 214 174 387 217 23 390 533 218 39 71 389 525 118 135 534 185 182 121 27 578 526 7 122 186 29 340 577 188 30 267 323 124 51 275 338 43 337 75 139 291 269 83 147 99 552 325 45 163 77 329 141 240 53 270 195 326 330 277 293 400 332 46 78 57 54 640 515 142 281 297 85 13 149 305 278 101 294 312 153 165 89 35 19 58 67 197 11 259 131 282 306 105 86 545 169 298 150 201 548 102 14 3 166 308 225 209 154 60 300 90 113 177 198 546 284 517 529 521 232 226 106 202 385 170 25 92 228 156 210 518 108 178 114 204 172 392 536 212 530 180 522 116 49 261 265 37 273 532 69 321 21 41 386 352 73 133 289 81 137 145 216 524 97 388 161 193 262 38 70 22 26 184 134 120 513 17 33 65 5 257 129 9 28 1 6 576 268 322 50 266 336 274 44 76 324 42 74 140 328 52 290 138 82 146 276 292 98 162 56 84 280 296 148 194 100 152 304 88 164 12 196 104 168 200 544 514 224 208 112 176 520 516 528 24 384 34 66 258 18 10 130 2 48 264 272 36 40 260 72 320 68 136 20 80 288 132 144 96 160 192 512 32 16 64 8 256 4 128 0

SNR -14.000
223 238 239 245 246 247 249 250 251 252 253 254 255 315 317 318 319 343 347 349 350 351 359 363 365 366 367 370 371 373 374 375 376 377 378 379 380 381 382 383 399 406 407 409 410 411 412 413 414 415 419 421 422 423 425 426 427 428 429 430 431 433 434 435 436 437 438 439 440 441 442 443 444 445 446 447 451 453 454 455 457 458 459 460 461 462 463 465 466 467 468 469 470 471 472 473 474 475 476 477 478 479 481 482 483 484 485 486 487 488 489 490 491 492 493 494 495 496 497 498 499 500 501 502 503 504 505 506 507 508 509 510 511 543 555 557 558 559 563 565 566 567 569 570 571 572 573 574 575 583 587 589 590 591 595 597 598 599 601 602 603 604 605 606 607 611 613 614 615 617 618 619 620 621 622 623 625 626 627 628 629 630 631 632 633 634 635 636 637 638 639 647 651 653 654 655 659 661 662 663 665 666 667 668 669 670 671 675 677 678 679 680 681 682 683 684 685 686 687 688 689 690 691 692 693 694 695 696 697 698 699 700 701 702 703 707 708 709 710 711 712 713 714 715 716 717 718 719 720 721 722 723 724 725 726 727 728 729 730 731 732 733 734 735 736 737 738 739 740 741 742 743 744 745 746 747 748 749 750 751 752 753 754 755 756 757 758 759 760 761 762 763 764 765 766 767 775 779 781 782 783 786 787 788 789 790 791 792 793 794 795 796 797 798 799 801 802 803 804 805 806 807 808 809 810 811 812 813 814 815 816 817 818 819 820 821 822 823 824 825 826 827 828 829 830 831 833 834 835 836 837 838 839 840 841 842 843 844 845 846 847 848 849 850 851 852 853 854 855 856 857 858 859 860 861 862 863 864 865 866 867 868 869 870 871 872 873 874 875 876 877 878 879 880 881 882 883 884 885 886 887 888 889 890 891 892 893 894 895 897 898 899 900 901 902 903 904 905 906 907 908 909 910 911 912 913 914 915 916 917 918 919 920 921 922 923 924 925 926 927 928 929 930 931 932 933 934 935 936 937 938 939 940 941 942 943 944 945 946 947 948 949 950 951 952 953 954 955 956 957 958 959 960 961 962 963 964 965 966 967 968 969 970 971 972 973 974 975 976 977 978 979 980 981 982 983 984 985 986 987 988 989 990 991 992 993 994 995 996 997 998 999 1000 1001 1002 1003 1004 1005 1006 1007 1008 1009 1010 1011 1012 1013 1014 1015 1016 1017 1018 1019 1020 1021 1022 1023 664 785 243 405 364 674 778 780 706 335 676 652 369 235 237 398 660 777 624 372 658 358 673 403 705 774 650 616 397 362 773 649 771 357 311 646 610 596 645 657 600 480 345 612 395 551 231 464 342 348 593 191 643 361 588 346 609 542 539 222 541 586 594 452 568 391 341 355 585 432 456 248 564 221 582 562 219 450 800 554 303 896 581 316 424 672 408 832 776 784 339 244 417 449 772 418 579 556 704 535 242 420 402 313 334 404 553 333 561 360 234 236 648 331 770 396 356 656 769 314 241 368 401 549 215 233 550 608 644 394 310 309 642 540 190 344 592 354 287 584 393 538 527 230 340 390 641 127 307 353 220 189 547 327 229 537 580 302 448 338 389 218 560 207 187 534 416 301 337 332 578 217 227 552 312 240 533 577 214 330 400 387 299 183 232 548 308 768 213 126 531 329 286 188 526 392 326 352 125 295 175 306 285 546 228 206 211 536 123 525 159 640 186 95 63 325 119 111 300 283 305 388 205 216 545 336 185 226 279 523 323 203 271 182 532 199 31 298 225 519 47 386 79 181 143 55 179 167 171 151 59 576 87 212 155 297 173 157 174 103 61 91 124 107 328 385 158 530 115 93 15 109 117 294 121 122 62 94 284 118 293 291 210 110 263 529 209 23 275 71 135 267 282 39 281 524 277 27 269 204 278 324 7 29 270 195 304 202 184 139 43 197 201 75 147 30 51 515 521 522 198 163 83 141 45 544 77 99 322 517 53 149 321 142 46 165 85 169 518 78 177 153 180 54 57 101 150 166 178 170 89 154 58 86 224 105 259 90 102 13 67 172 19 11 35 296 156 131 106 113 60 114 14 92 3 289 108 116 261 384 265 273 120 25 292 290 262 69 21 133 37 528 137 193 41 73 49 145 81 161 513 274 266 208 97 22 70 38 134 280 276 26 268 28 257 33 17 9 5 65 129 194 6 196 138 1 42 200 74 50 146 514 140 44 520 76 82 162 516 52 148 164 98 84 320 152 168 56 100 176 88 104 12 112 258 288 264 260 18 272 34 24 66 130 10 136 40 68 36 20 72 192 132 48 144 2 80 160 512 96 256 32 16 8 64 128 4 0

SNR -13.500
223 238 239 245 246 247 249 250 251 252 253 254 255 315 317 318 319 343 347 349 350 351 359 363 365 366 367 370 371 373 374 375 376 377 378 379 380 381 382 383 399 406 407 409 410 411 412 413 414 415 419 421 422 423 425 426 427 428 429 430 431 433 434 435 436 437 438 439 440 441 442 443 444 445 446 447 451 453 454 455 457 458 459 460 461 462 463 465 466 467 468 469 470 471 472 473 474 475 476 477 478 479 481 482 483 484 485 486 487 488 489 490 491 492 493 494 495 496 497 498 499 500 501 502 503 504 505 506 507 508 509 510 511 543 555 557 558 559 563 565 566 567 569 570 571 572 573 574 575 583 587 589 590 591 595 597 598 599 601 602 603 604 605 606 607 611 613 614 615 617 618 619 620 621 622 623 625 626 627 628 629 630 631 632 633 634 635 636 637 638 639 647 651 653 654 655 659 661 662 663 665 666 667 668 669 670 671 675 677 678 679 680 681 682 683 684 685 686 687 688 689 690 691 692 693 694 695 696 697 698 699 700 701 702 703 707 708 709 710 711 712 713 714 715 716 717 718 719 720 721 722 723 724 725 726 727 728 729 730 731 732 733 734 735 736 737 738 739 740 741 742 743 744 745 746 747 748 749 750 751 752 753 754 755 756 757 758 759 760 761 762 763 764 765 766 767 775 779 781 782 783 786 787 788 789 790 791 792 793 794 795 796 797 798 799 801 802 803 804 805 806 807 808 809 810 811 812 813 814 815 816 817 818 819 820 821 822 823 824 825 826 827 828 829 830 831 833 834 835 836 837 838 839 840 841 842 843 844 845 846 847 848 849 850 851 852 853 854 855 856 857 858 859 860 861 862 863 864 865 866 867 868 869 870 871 872 873 874 875 876 877 878 879 880 881 882 883 884 885 886 887 888 889 890 891 892 893 894 895 897 898 899 900 901 902 903 904 905 906 907 908 909 910 911 912 913 914 915 916 917 918 919 920 921 922 923 924 925 926 927 928 929 930 931 932 933 934 935 936 937 938 939 940 941 942 943 944 945 946 947 948 949 950 951 952 953 954 955 956 957 958 959 960 961 962 963 964 965 966 967 968 969 970 971 972 973 974 975 976 977 978 979 980 981 982 983 984 985 986 987 988 989 990 991 992 993 994 995 996 997 998 999 1000 1001 1002 1003 1004 1005 1006 1007 1008 1009 1010 1011 1012 1013 1014 1015 1016 1017 1018 1019 1020 1021 1022 1023 664 785 243 405 364 674 778 780 706 335 676 652 369 235 237 398 660 777 624 372 658 358 673 403 705 774 650 616 397 362 773 649 771 357 311 646 610 596 645 657 600 480 345 612 395 551 231 464 342 348 593 191 643 361 588 346 609 542 539 222 541 586 594 452 568 391 341 355 585 432 456 248 564 221 582 562 219 450 800 554 303 896 581 316 424 672 408 832 776 784 339 244 417 449 772 418 579 556 704 535 242 420 402 313 334 404 553 333 561 360 234 236 648 331 770 396 356 656 769 314 241 368 401 549 215 233 550 608 644 394 310 309 642 540 190 344 592 354 287 584 393 538 527 230 340 390 641 127 307 353 220 189 547 327 229 537 580 302 448 338 389 218 560 207 187 534 416 301 337 332 578 217 227 552 312 240 533 577 214 330 400 387 299 183 232 548 308 768 213 126 531 329 286 188 526 392 326 352 125 295 175 306 285 546 228 206 211 536 123 525 159 640 186 95 63 325 119 111 300 283 305 388 205 216 545 336 185 226 279 523 323 203 271 182 532 199 31 298 225 519 47 386 79 181 143 55 179 167 171 151 59 576 87 212 155 297 173 157 174 103 61 91 124 107 328 385 158 530 115 93 15 109 117 294 121 122 62 94 284 118 293 291 210 110 263 529 209 23 275 71 135 267 282 39 281 524 277 27 269 204 278 324 7 29 270 195 304 202 184 139 43 197 201 75 147 30 51 515 521 522 198 163 83 141 45 544 77 99 322 517 53 149 321 142 46 165 85 169 518 78 177 153 180 54 57 101 150 166 178 170 89 154 58 86 224 105 259 90 102 13 67 172 19 11 35 296 156 131 106 113 60 114 14 92 3 289 108 116 261 384 265 273 120 25 292 290 262 69 21 133 37 528 137 193 41 73 49 145 81 161 513 274 266 208 97 22 70 38 134 280 276 26 268 28 257 33 17 9 5 65 129 194 6 196 138 1 42 200 74 50 146 514 140 44 520 76 82 162 516 52 148 164 98 84 320 152 168 56 100 176 88 104 12 112 258 288 264 260 18 272 34 24 66 130 10 136 40 68 36 20 72 192 132 48 144 2 80 160 512 96 256 32 16 8 64 128 4 0

SNR -13.000
127 175 183 187 189 190 191 207 215 217 219 220 221 222 223 227 229 230 231 233 234 235 236 237 238 239 241 242 243 244 245 246 247 248 249 250 251 252 253 254 255 287 299 301 302 303 307 309 310 311 313 314 315 316 317 318 319 327 331 333 334 335 339 341 342 343 345 346 347 348 349 350 351 355 357 358 359 361 362 363 364 365 366 367 369 370 371 372 373 374 375 376 377 378 379 380 381 382 383 391 395 397 398 399 403 405 406 407 409 410 411 412 413 414 415 419 420 421 422 423 424 425 426 427 428 429 430 431 433 434 435 436 437 438 439 440 441 442 443 444 445 446 447 450 451 452 453 454 455 456 457 458 459 460 461 462 463 464 465 466 467 468 469 470 471 472 473 474 475 476 477 478 479 480 481 482 483 484 485 486 487 488 489 490 491 492 493 494 495 496 497 498 499 500 501 502 503 504 505 506 507 508 509 510 511 527 535 539 541 542 543 551 555 556 557 558 559 561 562 563 564 565 566 567 568 569 570 571 572 573 574 575 581 582 583 585 586 587 588 589 590 591 593 594 595 596 597 598 599 600 601 602 603 604 605 606 607 609 610 611 612 613 614 615 616 617 618 619 620 621 622 623 624 625 626 627 628 629 630 631 632 633 634 635 636 637 638 639 643 645 646 647 649 650 651 652 653 654 655 657 658 659 660 661 662 663 664 665 666 667 668 669 670 671 673 674 675 676 677 678 679 680 681 682 683 684 685 686 687 688 689 690 691 692 693 694 695 696 697 698 699 700 701 702 703 705 706 707 708 709 710 711 712 713 714 715 716 717 718 719 720 721 722 723 724 725 726 727 728 729 730 731 732 733 734 735 736 737 738 739 740 741 742 743 744 745 746 747 748 749 750 751 752 753 754 755 756 757 758 759 760 761 762 763 764 765 766 767 771 773 774 775 777 778 779 780 781 782 783 785 786 787 788 789 790 791 792 793 794 795 796 797 798 799 801 802 803 804 805 806 807 808 809 810 811 812 813 814 815 816 817 818 819 820 821 822 823 824 825 826 827 828 829 830 831 833 834 835 836 837 838 839 840 841 842 843 844 845 846 847 848 849 850 851 852 853 854 855 856 857 858 859 860 861 862 863 864 865 866 867 868 869 870 871 872 873 874 875 876 877 878 879 880 881 882 883 884 885 886 887 888 889 890 891 892 893 894 895 897 898 899 900 901 902 903 904 905 906 907 908 909 910 911 912 913 914 915 916 917 918 919 920 921 922 923 924 925 926 927 928 929 930 931 932 933 934 935 936 937 938 939 940 941 942 943 944 945 946 947 948 949 950 951 952 953 954 955 956 957 958 959 960 961 962 963 964 965 966 967 968 969 970 971 972 973 974 975 976 977 978 979 980 981 982 983 984 985 986 987 988 989 990 991 992 993 994 995 996 997 998 999 1000 1001 1002 1003 1004 1005 1006 1007 1008 1009 1010 1011 1012 1013 1014 1015 1016 1017 1018 1019 1020 1021 1022 1023 408 432 402 554 404 214 286 295 449 553 550 579 213 396 418 393 394 218 401 540 340 344 538 360 896 417 547 211 368 537 283 206 832 389 188 549 534 356 390 387 125 353 126 337 800 332 533 123 186 531 330 203 354 338 285 704 656 326 312 784 648 185 672 205 769 770 772 592 308 776 644 159 305 240 608 279 182 306 300 526 580 642 329 323 584 525 179 560 297 578 226 181 216 298 641 173 400 523 174 119 232 577 294 548 392 228 325 448 416 552 225 199 212 293 210 536 124 282 546 388 545 352 532 336 271 209 171 284 204 386 519 530 291 328 122 281 184 111 385 202 768 529 180 201 121 324 158 278 304 524 640 277 167 118 322 157 198 178 296 522 117 576 172 177 197 224 321 95 275 292 155 521 270 170 115 208 544 110 195 518 290 269 280 63 169 151 109 120 384 200 166 517 528 289 156 143 267 107 276 94 116 103 165 93 263 31 91 79 154 87 47 176 196 55 515 59 163 61 274 114 62 153 320 520 113 273 150 15 194 268 108 149 135 147 139 23 168 141 71 142 39 193 27 106 99 105 43 29 83 75 266 101 265 51 77 102 45 7 516 85 288 30 259 53 89 46 78 86 92 90 261 262 54 164 57 58 514 162 161 60 513 131 11 67 19 35 152 13 133 145 14 137 112 3 134 25 21 146 37 272 148 69 138 73 41 97 81 140 49 22 70 38 26 257 192 74 28 98 104 42 82 100 76 50 129 44 84 17 264 33 5 9 65 52 258 88 6 260 1 56 160 512 12 130 136 132 144 34 18 10 66 24 36 20 68 72 40 80 96 48 256 2 128 16 32 8 64 4 0

SNR -12.500
127 175 183 187 189 190 191 207 215 217 219 220 221 222 223 227 229 230 231 233 234 235 236 237 238 239 241 242 243 244 245 246 247 248 249 250 251 252 253 254 255 287 299 301 302 303 307 309 310 311 313 314 315 316 317 318 319 327 331 333 334 335 339 341 342 343 345 346 347 348 349 350 351 355 357 358 359 361 362 363 364 365 366 367 369 370 371 372 373 374 375 376 377 378 379 380 381 382 383 391 395 397 398 399 403 405 406 407 409 410 411 412 413 414 415 419 420 421 422 423 424 425 426 427 428 429 430 431 433 434 435 436 437 438 439 440 441 442 443 444 445 446 447 450 451 452 453 454 455 456 457 458 459 460 461 462 463 464 465 466 467 468 469 470 471 472 473 474 475 476 477 478 479 480 481 482 483 484 485 486 487 488 489 490 491 492 493 494 495 496 497 498 499 500 501 502 503 504 505 506 507 508 509 510 511 527 535 539 541 542 543 551 555 556 557 558 559 561 562 563 564 565 566 567 568 569 570 571 572 573 574 575 581 582 583 585 586 587 588 589 590 591 593 594 595 596 597 598 599 600 601 602 603 604 605 606 607 609 610 611 612 613 614 615 616 617 618 619 620 621 622 623 624 625 626 627 628 629 630 631 632 633 634 635 636 637 638 639 643 645 646 647 649 650 651 652 653 654 655 657 658 659 660 661 662 663 664 665 666 667 668 669 670 671 673 674 675 676 677 678 679 680 681 682 683 684 685 686 687 688 689 690 691 692 693 694 695 696 697 698 699 700 701 702 703 705 706 707 708 709 710 711 712 713 714 715 716 717 718 719 720 721 722 723 724 725 726 727 728 729 730 731 732 733 734 735 736 737 738 739 740 741 742 743 744 745 746 747 748 749 750 751 752 753 754 755 756 757 758 759 760 761 762 763 764 765 766 767 771 773 774 775 777 778 779 780 781 782 783 785 786 787 788 789 790 791 792 793 794 795 796 797 798 799 801 802 803 804 805 806 807 808 809 810 811 812 813 814 815 816 817 818 819 820 821 822 823 824 825 826 827 828 829 830 831 833 834 835 836 837 838 839 840 841 842 843 844 845 846 847 848 849 850 851 852 853 854 855 856 857 858 859 860 861 862 863 864 865 866 867 868 869 870 871 872 873 874 875 876 877 878 879 880 881 882 883 884 885 886 887 888 889 890 891 892 893 894 895 897 898 899 900 901 902 903 904 905 906 907 908 909 910 911 912 913 914 915 916 917 918 919 920 921 922 923 924 925 926 927 928 929 930 931 932 933 934 935 936 937 938 939 940 941 942 943 944 945 946 947 948 949 950 951 952 953 954 955 956 957 958 959 960 961 962 963 964 965 966 967 968 969 970 971 972 973 974 975 976 977 978 979 980 981 982 983 984 985 986 987 988 989 990 991 992 993 994 995 996 997 998 999 1000 1001 1002 1003 1004 1005 1006 1007 1008 1009 1010 1011 1012 1013 1014 1015 1016 1017 1018 1019 1020 1021 1022 1023 408 432 402 554 404 214 286 295 449 553 550 579 213 396 418 393 394 218 401 540 340 344 538 360 896 417 547 211 368 537 283 206 832 389 188 549 534 356 390 387 125 353 126 337 800 332 533 123 186 531 330 203 354 338 285 704 656 326 312 784 648 185 672 205 769 770 772 592 308 776 644 159 305 240 608 279 182 306 300 526 580 642 329 323 584 525 179 560 297 578 226 181 216 298 641 173 400 523 174 119 232 577 294 548 392 228 325 448 416 552 225 199 212 293 210 536 124 282 546 388 545 352 532 336 271 209 171 284 204 386 519 530 291 328 122 281 184 111 385 202 768 529 180 201 121 324 158 278 304 524 640 277 167 118 322 157 198 178 296 522 117 576 172 177 197 224 321 95 275 292 155 521 270 170 115 208 544 110 195 518 290 269 280 63 169 151 109 120 384 200 166 517 528 289 156 143 267 107 276 94 116 103 165 93 263 31 91 79 154 87 47 176 196 55 515 59 163 61 274 114 62 153 320 520 113 273 150 15 194 268 108 149 135 147 139 23 168 141 71 142 39 193 27 106 99 105 43 29 83 75 266 101 265 51 77 102 45 7 516 85 288 30 259 53 89 46 78 86 92 90 261 262 54 164 57 58 514 162 161 60 513 131 11 67 19 35 152 13 133 145 14 137 112 3 134 25 21 146 37 272 148 69 138 73 41 97 81 140 49 22 70 38 26 257 192 74 28 98 104 42 82 100 76 50 129 44 84 17 264 33 5 9 65 52 258 88 6 260 1 56 160 512 12 130 136 132 144 34 18 10 66 24 36 20 68 72 40 80 96 48 256 2 128 16 32 8 64 4 0

SNR -12.000
95 109 110 111 115 117 118 119 121 122 123 124 125 126 127 151 155 157 158 159 167 171 173 174 175 179 181 182 183 185 186 187 188 189 190 191 199 203 205 206 207 211 213 214 215 217 218 219 220 221 222 223 225 226 227 228 229 230 231 232 233 234 235 236 237 238 239 240 241 242 243 244 245 246 247 248 249 250 251 252 253 254 255 271 279 282 283 284 285 286 287 291 293 294 295 297 298 299 300 301 302 303 305 306 307 308 309 310 311 312 313 314 315 316 317 318 319 323 325 326 327 329 330 331 332 333 334 335 337 338 339 340 341 342 343 344 345 346 347 348 349 350 351 353 354 355 356 357 358 359 360 361 362 363 364 365 366 367 368 369 370 371 372 373 374 375 376 377 378 379 380 381 382 383 387 389 390 391 393 394 395 396 397 398 399 401 402 403 404 405 406 407 408 409 410 411 412 413 414 415 417 418 419 420 421 422 423 424 425 426 427 428 429 430 431 432 433 434 435 436 437 438 439 440 441 442 443 444 445 446 447 449 450 451 452 453 454 455 456 457 458 459 460 461 462 463 464 465 466 467 468 469 470 471 472 473 474 475 476 477 478 479 480 481 482 483 484 485 486 487 488 489 490 491 492 493 494 495 496 497 498 499 500 501 502 503 504 505 506 507 508 509 510 511 519 523 525 526 527 531 533 534 535 537 538 539 540 541 542 543 547 549 550 551 553 554 555 556 557 558 559 561 562 563 564 565 566 567 568 569 570 571 572 573 574 575 579 581 582 583 585 586 587 588 589 590 591 593 594 595 596 597 598 599 600 601 602 603 604 605 606 607 609 610 611 612 613 614 615 616 617 618 619 620 621 622 623 624 625 626 627 628 629 630 631 632 633 634 635 636 637 638 639 643 645 646 647 649 650 651 652 653 654 655 657 658 659 660 661 662 663 664 665 666 667 668 669 670 671 673 674 675 676 677 678 679 680 681 682 683 684 685 686 687 688 689 690 691 692 693 694 695 696 697 698 699 700 701 702 703 705 706 707 708 709 710 711 712 713 714 715 716 717 718 719 720 721 722 723 724 725 726 727 728 729 730 731 732 733 734 735 736 737 738 739 740 741 742 743 744 745 746 747 748 749 750 751 752 753 754 755 756 757 758 759 760 761 762 763 764 765 766 767 771 773 774 775 777 778 779 780 781 782 783 784 785 786 787 788 789 790 791 792 793 794 795 796 797 798 799 801 802 803 804 805 806 807 808 809 810 811 812 813 814 815 816 817 818 819 820 821 822 823 824 825 826 827 828 829 830 831 832 833 834 835 836 837 838 839 840 841 842 843 844 845 846 847 848 849 850 851 852 853 854 855 856 857 858 859 860 861 862 863 864 865 866 867 868 869 870 871 872 873 874 875 876 877 878 879 880 881 882 883 884 885 886 887 888 889 890 891 892 893 894 895 896 897 898 899 900 901 902 903 904 905 906 907 908 909 910 911 912 913 914 915 916 917 918 919 920 921 922 923 924 925 926 927 928 929 930 931 932 933 934 935 936 937 938 939 940 941 942 943 944 945 946 947 948 949 950 951 952 953 954 955 956 957 958 959 960 961 962 963 964 965 966 967 968 969 970 971 972 973 974 975 976 977 978 979 980 981 982 983 984 985 986 987 988 989 990 991 992 993 994 995 996 997 998 999 1000 1001 1002 1003 1004 1005 1006 1007 1008 1009 1010 1011 1012 1013 1014 1015 1016 1017 1018 1019 1020 1021 1022 1023 216 281 204 202 180 656 184 209 278 772 704 210 672 770 648 800 212 275 769 776 642 201 592 277 172 107 178 608 641 644 198 580 578 270 552 416 166 195 584 169 448 400 170 197 177 560 352 143 546 577 548 545 388 269 156 165 392 267 385 103 530 94 524 336 63 386 304 163 536 91 263 522 296 521 93 114 322 324 529 120 518 292 328 154 532 116 149 289 290 224 280 321 113 517 150 274 768 640 208 200 276 108 87 147 273 142 153 576 106 102 196 176 515 194 268 105 266 62 61 164 168 141 544 193 101 528 92 384 265 162 90 79 152 139 520 59 320 262 148 161 89 99 288 86 112 261 516 146 135 272 104 85 55 514 145 140 60 259 192 100 83 47 78 264 58 138 513 31 77 88 98 160 57 137 75 260 54 134 97 71 84 53 15 51 39 23 133 43 45 27 46 144 258 131 29 82 30 81 257 76 7 512 67 56 74 73 136 69 19 70 35 11 13 37 96 21 14 52 49 41 25 50 22 38 42 26 3 132 44 129 130 28 65 80 5 17 9 33 256 6 1 66 72 68 12 10 34 18 20 36 48 40 24 128 2 64 16 8 32 4 0

SNR -11.500
95 109 110 111 115 117 118 119 121 122 123 124 125 126 127 151 155 157 158 159 167 171 173 174 175 179 181 182 183 185 186 187 188 189 190 191 199 203 205 206 207 211 213 214 215 217 218 219 220 221 222 223 225 226 227 228 229 230 231 232 233 234 235 236 237 238 239 240 241 242 243 244 245 246 247 248 249 250 251 252 253 254 255 271 279 282 283 284 285 286 287 291 293 294 295 297 298 299 300 301 302 303 305 306 307 308 309 310 311 312 313 314 315 316 317 318 319 323 325 326 327 329 330 331 332 333 334 335 337 338 339 340 341 342 343 344 345 346 347 348 349 350 351 353 354 355 356 357 358 359 360 361 362 363 364 365 366 367 368 369 370 371 372 373 374 375 376 377 378 379 380 381 382 383 387 389 390 391 393 394 395 396 397 398 399 401 402 403 404 405 406 407 408 409 410 411 412 413 414 415 417 418 419 420 421 422 423 424 425 426 427 428 429 430 431 432 433 434 435 436 437 438 439 440 441 442 443 444 445 446 447 449 450 451 452 453 454 455 456 457 458 459 460 461 462 463 464 465 466 467 468 469 470 471 472 473 474 475 476 477 478 479 480 481 482 483 484 485 486 487 488 489 490 491 492 493 494 495 496 497 498 499 500 501 502 503 504 505 506 507 508 509 510 511 519 523 525 526 527 531 533 534 535 537 538 539 540 541 542 543 547 549 550 551 553 554 555 556 557 558 559 561 562 563 564 565 566 567 568 569 570 571 572 573 574 575 579 581 582 583 585 586 587 588 589 590 591 593 594 595 596 597 598 599 600 601 602 603 604 605 606 607 609 610 611 612 613 614 615 616 617 618 619 620 621 622 623 624 625 626 627 628 629 630 631 632 633 634 635 636 637 638 639 643 645 646 647 649 650 651 652 653 654 655 657 658 659 660 661 662 663 664 665 666 667 668 669 670 671 673 674 675 676 677 678 679 680 681 682 683 684 685 686 687 688 689 690 691 692 693 694 695 696 697 698 699 700 701 702 703 705 706 707 708 709 710 711 712 713 714 715 716 717 718 719 720 721 722 723 724 725 726 727 728 729 730 731 732 733 734 735 736 737 738 739 740 741 742 743 744 745 746 747 748 749 750 751 752 753 754 755 756 757 758 759 760 761 762 763 764 765 766 767 771 773 774 775 777 778 779 780 781 782 783 784 785 786 787 788 789 790 791 792 793 794 795 796 797 798 799 801 802 803 804 805 806 807 808 809 810 811 812 813 814 815 816 817 818 819 820 821 822 823 824 825 826 827 828 829 830 831 832 833 834 835 836 837 838 839 840 841 842 843 844 845 846 847 848 849 850 851 852 853 854 855 856 857 858 859 860 861 862 863 864 865 866 867 868 869 870 871 872 873 874 875 876 877 878 879 880 881 882 883 884 885 886 887 888 889 890 891 892 893 894 895 896 897 898 899 900 901 902 903 904 905 906 907 908 909 910 911 912 913 914 915 916 917 918 919 920 921 922 923 924 925 926 927 928 929 930 931 932 933 934 935 936 937 938 939 940 941 942 943 944 945 946 947 948 949 950 951 952 953 954 955 956 957 958 959 960 961 962 963 964 965 966 967 968 969 970 971 972 973 974 975 976 977 978 979 980 981 982 983 984 985 986 987 988 989 990 991 992 993 994 995 996 997 998 999 1000 1001 1002 1003 1004 1005 1006 1007 1008 1009 1010 1011 1012 1013 1014 1015 1016 1017 1018 1019 1020 1021 1022 1023 216 281 204 202 180 656 184 209 278 772 704 210 672 770 648 800 212 275 769 776 642 201 592 277 172 107 178 608 641 644 198 580 578 270 552 416 166 195 584 169 448 400 170 197 177 560 352 143 546 577 548 545 388 269 156 165 392 267 385 103 530 94 524 336 63 386 304 163 536 91 263 522 296 521 93 114 322 324 529 120 518 292 328 154 532 116 149 289 290 224 280 321 113 517 150 274 768 640 208 200 276 108 87 147 273 142 153 576 106 102 196 176 515 194 268 105 266 62 61 164 168 141 544 193 101 528 92 384 265 162 90 79 152 139 520 59 320 262 148 161 89 99 288 86 112 261 516 146 135 272 104 85 55 514 145 140 60 259 192 100 83 47 78 264 58 138 513 31 77 88 98 160 57 137 75 260 54 134 97 71 84 53 15 51 39 23 133 43 45 27 46 144 258 131 29 82 30 81 257 76 7 512 67 56 74 73 136 69 19 70 35 11 13 37 96 21 14 52 49 41 25 50 22 38 42 26 3 132 44 129 130 28 65 80 5 17 9 33 256 6 1 66 72 68 12 10 34 18 20 36 48 40 24 128 2 64 16 8 32 4 0

SNR -11.000
47 55 59 61 62 63 79 86 87 89 90 91 92 93 94 95 99 101 102 103 105 106 107 108 109 110 111 113 114 115 116 117 118 119 120 121 122 123 124 125 126 127 139 141 142 143 147 149 150 151 153 154 155 156 157 158 159 163 165 166 167 169 170 171 172 173 174 175 177 178 179 180 181 182 183 184 185 186 187 188 189 190 191 195 197 198 199 201 202 203 204 205 206 207 209 210 211 212 213 214 215 216 217 218 219 220 221 222 223 225 226 227 228 229 230 231 232 233 234 235 236 237 238 239 240 241 242 243 244 245 246 247 248 249 250 251 252 253 254 255 263 267 269 270 271 275 277 278 279 281 282 283 284 285 286 287 291 293 294 295 297 298 299 300 301 302 303 305 306 307 308 309 310 311 312 313 314 315 316 317 318 319 321 323 325 326 327 329 330 331 332 333 334 335 336 337 338 339 340 341 342 343 344 345 346 347 348 349 350 351 353 354 355 356 357 358 359 360 361 362 363 364 365 366 367 368 369 370 371 372 373 374 375 376 377 378 379 380 381 382 383 386 387 388 389 390 391 392 393 394 395 396 397 398 399 401 402 403 404 405 406 407 408 409 410 411 412 413 414 415 416 417 418 419 420 421 422 423 424 425 426 427 428 429 430 431 432 433 434 435 436 437 438 439 440 441 442 443 444 445 446 447 448 449 450 451 452 453 454 455 456 457 458 459 460 461 462 463 464 465 466 467 468 469 470 471 472 473 474 475 476 477 478 479 480 481 482 483 484 485 486 487 488 489 490 491 492 493 494 495 496 497 498 499 500 501 502 503 504 505 506 507 508 509 510 511 519 523 525 526 527 529 531 533 534 535 537 538 539 540 541 542 543 545 546 547 548 549 550 551 552 553 554 555 556 557 558 559 560 561 562 563 564 565 566 567 568 569 570 571 572 573 574 575 577 578 579 580 581 582 583 584 585 586 587 588 589 590 591 592 593 594 595 596 597 598 599 600 601 602 603 604 605 606 607 608 609 610 611 612 613 614 615 616 617 618 619 620 621 622 623 624 625 626 627 628 629 630 631 632 633 634 635 636 637 638 639 641 642 643 644 645 646 647 648 649 650 651 652 653 654 655 656 657 658 659 660 661 662 663 664 665 666 667 668 669 670 671 672 673 674 675 676 677 678 679 680 681 682 683 684 685 686 687 688 689 690 691 692 693 694 695 696 697 698 699 700 701 702 703 704 705 706 707 708 709 710 711 712 713 714 715 716 717 718 719 720 721 722 723 724 725 726 727 728 729 730 731 732 733 734 735 736 737 738 739 740 741 742 743 744 745 746 747 748 749 750 751 752 753 754 755 756 757 758 759 760 761 762 763 764 765 766 767 769 770 771 772 773 774 775 776 777 778 779 780 781 782 783 784 785 786 787 788 789 790 791 792 793 794 795 796 797 798 799 800 801 802 803 804 805 806 807 808 809 810 811 812 813 814 815 816 817 818 819 820 821 822 823 824 825 826 827 828 829 830 831 832 833 834 835 836 837 838 839 840 841 842 843 844 845 846 847 848 849 850 851 852 853 854 855 856 857 858 859 860 861 862 863 864 865 866 867 868 869 870 871 872 873 874 875 876 877 878 879 880 881 882 883 884 885 886 887 888 889 890 891 892 893 894 895 896 897 898 899 900 901 902 903 904 905 906 907 908 909 910 911 912 913 914 915 916 917 918 919 920 921 922 923 924 925 926 927 928 929 930 931 932 933 934 935 936 937 938 939 940 941 942 943 944 945 946 947 948 949 950 951 952 953 954 955 956 957 958 959 960 961 962 963 964 965 966 967 968 969 970 971 972 973 974 975 976 977 978 979 980 981 982 983 984 985 986 987 988 989 990 991 992 993 994 995 996 997 998 999 1000 1001 1002 1003 1004 1005 1006 1007 1008 1009 1010 1011 1012 1013 1014 1015 1016 1017 1018 1019 1020 1021 1022 1023 328 324 385 135 532 530 536 352 85 322 521 524 522 400 296 304 78 517 280 292 518 83 290 276 208 224 274 289 196 77 273 200 268 194 164 265 515 75 60 193 262 176 58 162 168 57 261 266 53 161 768 140 112 146 138 54 640 259 152 576 137 104 100 544 71 88 98 145 148 31 97 51 384 528 320 46 45 516 84 134 288 82 520 133 272 76 81 514 74 513 192 131 43 264 160 260 73 56 144 258 52 70 50 136 30 39 257 69 29 96 132 49 44 80 27 67 42 130 72 512 41 129 23 38 28 15 68 37 256 48 26 35 66 25 22 65 19 40 21 7 11 13 14 128 36 33 34 3 24 17 5 9 6 18 20 10 64 12 1 32 2 16 8 4 0

SNR -10.500
47 55 59 61 62 63 79 86 87 89 90 91 92 93 94 95 99 101 102 103 105 106 107 108 109 110 111 113 114 115 116 117 118 119 120 121 122 123 124 125 126 127 139 141 142 143 147 149 150 151 153 154 155 156 157 158 159 163 165 166 167 169 170 171 172 173 174 175 177 178 179 180 181 182 183 184 185 186 187 188 189 190 191 195 197 198 199 201 202 203 204 205 206 207 209 210 211 212 213 214 215 216 217 218 219 220 221 222 223 225 226 227 228 229 230 231 232 233 234 235 236 237 238 239 240 241 242 243 244 245 246 247 248 249 250 251 252 253 254 255 263 267 269 270 271 275 277 278 279 281 282 283 284 285 286 287 291 293 294 295 297 298 299 300 301 302 303 305 306 307 308 309 310 311 312 313 314 315 316 317 318 319 321 323 325 326 327 329 330 331 332 333 334 335 336 337 338 339 340 341 342 343 344 345 346 347 348 349 350 351 353 354 355 356 357 358 359 360 361 362 363 364 365 366 367 368 369 370 371 372 373 374 375 376 377 378 379 380 381 382 383 386 387 388 389 390 391 392 393 394 395 396 397 398 399 401 402 403 404 405 406 407 408 409 410 411 412 413 414 415 416 417 418 419 420 421 422 423 424 425 426 427 428 429 430 431 432 433 434 435 436 437 438 439 440 441 442 443 444 445 446 447 448 449 450 451 452 453 454 455 456 457 458 459 460 461 462 463 464 465 466 467 468 469 470 471 472 473 474 475 476 477 478 479 480 481 482 483 484 485 486 487 488 489 490 491 492 493 494 495 496 497 498 499 500 501 502 503 504 505 506 507 508 509 510 511 519 523 525 526 527 529 531 533 534 535 537 538 539 540 541 542 543 545 546 547 548 549 550 551 552 553 554 555 556 557 558 559 560 561 562 563 564 565 566 567 568 569 570 571 572 573 574 575 577 578 579 580 581 582 583 584 585 586 587 588 589 590 591 592 593 594 595 596 597 598 599 600 601 602 603 604 605 606 607 608 609 610 611 612 613 614 615 616 617 618 619 620 621 622 623 624 625 626 627 628 629 630 631 632 633 634 635 636 637 638 639 641 642 643 644 645 646 647 648 649 650 651 652 653 654 655 656 657 658 659 660 661 662 663 664 665 666 667 668 669 670 671 672 673 674 675 676 677 678 679 680 681 682 683 684 685 686 687 688 689 690 691 692 693 694 695 696 697 698 699 700 701 702 703 704 705 706 707 708 709 710 711 712 713 714 715 716 717 718 719 720 721 722 723 724 725 726 727 728 729 730 731 732 733 734 735 736 737 738 739 740 741 742 743 744 745 746 747 748 749 750 751 752 753 754 755 756 757 758 759 760 761 762 763 764 765 766 767 769 770 771 772 773 774 775 776 777 778 779 780 781 782 783 784 785 786 787 788 789 790 791 792 793 794 795 796 797 798 799 800 801 802 803 804 805 806 807 808 809 810 811 812 813 814 815 816 817 818 819 820 821 822 823 824 825 826 827 828 829 830 831 832 833 834 835 836 837 838 839 840 841 842 843 844 845 846 847 848 849 850 851 852 853 854 855 856 857 858 859 860 861 862 863 864 865 866 867 868 869 870 871 872 873 874 875 876 877 878 879 880 881 882 883 884 885 886 887 888 889 890 891 892 893 894 895 896 897 898 899 900 901 902 903 904 905 906 907 908 909 910 911 912 913 914 915 916 917 918 919 920 921 922 923 924 925 926 927 928 929 930 931 932 933 934 935 936 937 938 939 940 941 942 943 944 945 946 947 948 949 950 951 952 953 954 955 956 957 958 959 960 961 962 963 964 965 966 967 968 969 970 971 972 973 974 975 976 977 978 979 980 981 982 983 984 985 986 987 988 989 990 991 992 993 994 995 996 997 998 999 1000 1001 1002 1003 1004 1005 1006 1007 1008 1009 1010 1011 1012 1013 1014 1015 1016 1017 1018 1019 1020 1021 1022 1023 328 324 385 135 532 530 536 352 85 322 521 524 522 400 296 304 78 517 280 292 518 83 290 276 208 224 274 289 196 77 273 200 268 194 164 265 515 75 60 193 262 176 58 162 168 57 261 266 53 161 768 140 112 146 138 54 640 259 152 576 137 104 100 544 71 88 98 145 148 31 97 51 384 528 320 46 45 516 84 134 288 82 520 133 272 76 81 514 74 513 192 131 43 264 160 260 73 56 144 258 52 70 50 136 30 39 257 69 29 96 132 49 44 80 27 67 42 130 72 512 41 129 23 38 28 15 68 37 256 48 26 35 66 25 22 65 19 40 21 7 11 13 14 128 36 33 34 3 24 17 5 9 6 18 20 10 64 12 1 32 2 16 8 4 0

SNR -10.000
27 29 30 31 39 43 45 46 47 51 53 54 55 57 58 59 60 61 62 63 71 75 77 78 79 83 85 86 87 89 90 91 92 93 94 95 98 99 101 102 103 104 105 106 107 108 109 110 111 112 113 114 115 116 117 118 119 120 121 122 123 124 125 126 127 134 135 137 138 139 140 141 142 143 145 146 147 148 149 150 151 152 153 154 155 156 157 158 159 161 162 163 164 165 166 167 168 169 170 171 172 173 174 175 176 177 178 179 180 181 182 183 184 185 186 187 188 189 190 191 193 194 195 196 197 198 199 200 201 202 203 204 205 206 207 208 209 210 211 212 213 214 215 216 217 218 219 220 221 222 223 224 225 226 227 228 229 230 231 232 233 234 235 236 237 238 239 240 241 242 243 244 245 246 247 248 249 250 251 252 253 254 255 259 261 262 263 265 266 267 268 269 270 271 273 274 275 276 277 278 279 280 281 282 283 284 285 286 287 289 290 291 292 293 294 295 296 297 298 299 300 301 302 303 304 305 306 307 308 309 310 311 312 313 314 315 316 317 318 319 321 322 323 324 325 326 327 328 329 330 331 332 333 334 335 336 337 338 339 340 341 342 343 344 345 346 347 348 349 350 351 352 353 354 355 356 357 358 359 360 361 362 363 364 365 366 367 368 369 370 371 372 373 374 375 376 377 378 379 380 381 382 383 385 386 387 388 389 390 391 392 393 394 395 396 397 398 399 400 401 402 403 404 405 406 407 408 409 410 411 412 413 414 415 416 417 418 419 420 421 422 423 424 425 426 427 428 429 430 431 432 433 434 435 436 437 438 439 440 441 442 443 444 445 446 447 448 449 450 451 452 453 454 455 456 457 458 459 460 461 462 463 464 465 466 467 468 469 470 471 472 473 474 475 476 477 478 479 480 481 482 483 484 485 486 487 488 489 490 491 492 493 494 495 496 497 498 499 500 501 502 503 504 505 506 507 508 509 510 511 515 517 518 519 521 522 523 524 525 526 527 529 530 531 532 533 534 535 536 537 538 539 540 541 542 543 545 546 547 548 549 550 551 552 553 554 555 556 557 558 559 560 561 562 563 564 565 566 567 568 569 570 571 572 573 574 575 577 578 579 580 581 582 583 584 585 586 587 588 589 590 591 592 593 594 595 596 597 598 599 600 601 602 603 604 605 606 607 608 609 610 611 612 613 614 615 616 617 618 619 620 621 622 623 624 625 626 627 628 629 630 631 632 633 634 635 636 637 638 639 641 642 643 644 645 646 647 648 649 650 651 652 653 654 655 656 657 658 659 660 661 662 663 664 665 666 667 668 669 670 671 672 673 674 675 676 677 678 679 680 681 682 683 684 685 686 687 688 689 690 691 692 693 694 695 696 697 698 699 700 701 702 703 704 705 706 707 708 709 710 711 712 713 714 715 716 717 718 719 720 721 722 723 724 725 726 727 728 729 730 731 732 733 734 735 736 737 738 739 740 741 742 743 744 745 746 747 748 749 750 751 752 753 754 755 756 757 758 759 760 761 762 763 764 765 766 767 769 770 771 772 773 774 775 776 777 778 779 780 781 782 783 784 785 786 787 788 789 790 791 792 793 794 795 796 797 798 799 800 801 802 803 804 805 806 807 808 809 810 811 812 813 814 815 816 817 818 819 820 821 822 823 824 825 826 827 828 829 830 831 832 833 834 835 836 837 838 839 840 841 842 843 844 845 846 847 848 849 850 851 852 853 854 855 856 857 858 859 860 861 862 863 864 865 866 867 868 869 870 871 872 873 874 875 876 877 878 879 880 881 882 883 884 885 886 887 888 889 890 891 892 893 894 895 896 897 898 899 900 901 902 903 904 905 906 907 908 909 910 911 912 913 914 915 916 917 918 919 920 921 922 923 924 925 926 927 928 929 930 931 932 933 934 935 936 937 938 939 940 941 942 943 944 945 946 947 948 949 950 951 952 953 954 955 956 957 958 959 960 961 962 963 964 965 966 967 968 969 970 971 972 973 974 975 976 977 978 979 980 981 982 983 984 985 986 987 988 989 990 991 992 993 994 995 996 997 998 999 1000 1001 1002 1003 1004 1005 1006 1007 1008 1009 1010 1011 1012 1013 1014 1015 1016 1017 1018 1019 1020 1021 1022 1023 97 133 131 88 76 82 74 81 84 100 69 23 70 52 768 576 50 49 67 56 640 320 384 41 73 528 544 42 520 44 15 288 192 516 264 513 514 144 35 38 258 257 136 260 272 25 96 28 130 132 160 37 26 129 80 72 21 66 22 68 48 40 65 19 36 14 512 34 13 24 256 33 11 128 20 18 64 7 17 12 10 32 9 6 5 3 16 8 1 4 2 0

SNR -9.500
27 29 30 31 39 43 45 46 47 51 53 54 55 57 58 59 60 61 62 63 71 75 77 78 79 83 85 86 87 89 90 91 92 93 94 95 98 99 101 102 103 104 105 106 107 108 109 110 111 112 113 114 115 116 117 118 119 120 121 122 123 124 125 126 127 134 135 137 138 139 140 141 142 143 145 146 147 148 149 150 151 152 153 154 155 156 157 158 159 161 162 163 164 165 166 167 168 169 170 171 172 173 174 175 176 177 178 179 180 181 182 183 184 185 186 187 188 189 190 191 193 194 195 196 197 198 199 200 201 202 203 204 205 206 207 208 209 210 211 212 213 214 215 216 217 218 219 220 221 222 223 224 225 226 227 228 229 230 231 232 233 234 235 236 237 238 239 240 241 242 243 244 245 246 247 248 249 250 251 252 253 254 255 259 261 262 263 265 266 267 268 269 270 271 273 274 275 276 277 278 279 280 281 282 283 284 285 286 287 289 290 291 292 293 294 295 296 297 298 299 300 301 302 303 304 305 306 307 308 309 310 311 312 313 314 315 316 317 318 319 321 322 323 324 325 326 327 328 329 330 331 332 333 334 335 336 337 338 339 340 341 342 343 344 345 346 347 348 349 350 351 352 353 354 355 356 357 358 359 360 361 362 363 364 365 366 367 368 369 370 371 372 373 374 375 376 377 378 379 380 381 382 383 385 386 387 388 389 390 391 392 393 394 395 396 397 398 399 400 401 402 403 404 405 406 407 408 409 410 411 412 413 414 415 416 417 418 419 420 421 422 423 424 425 426 427 428 429 430 431 432 433 434 435 436 437 438 439 440 441 442 443 444 445 446 447 448 449 450 451 452 453 454 455 456 457 458 459 460 461 462 463 464 465 466 467 468 469 470 471 472 473 474 475 476 477 478 479 480 481 482 483 484 485 486 487 488 489 490 491 492 493 494 495 496 497 498 499 500 501 502 503 504 505 506 507 508 509 510 511 515 517 518 519 521 522 523 524 525 526 527 529 530 531 532 533 534 535 536 537 538 539 540 541 542 543 545 546 547 548 549 550 551 552 553 554 555 556 557 558 559 560 561 562 563 564 565 566 567 568 569 570 571 572 573 574 575 577 578 579 580 581 582 583 584 585 586 587 588 589 590 591 592 593 594 595 596 597 598 599 600 601 602 603 604 605 606 607 608 609 610 611 612 613 614 615 616 617 618 619 620 621 622 623 624 625 626 627 628 629 630 631 632 633 634 635 636 637 638 639 641 642 643 644 645 646 647 648 649 650 651 652 653 654 655 656 657 658 659 660 661 662 663 664 665 666 667 668 669 670 671 672 673 674 675 676 677 678 679 680 681 682 683 684 685 686 687 688 689 690 691 692 693 694 695 696 697 698 699 700 701 702 703 704 705 706 707 708 709 710 711 712 713 714 715 716 717 718 719 720 721 722 723 724 725 726 727 728 729 730 731 732 733 734 735 736 737 738 739 740 741 742 743 744 745 746 747 748 749 750 751 752 753 754 755 756 757 758 759 760 761 762 763 764 765 766 767 769 770 771 772 773 774 775 776 777 778 779 780 781 782 783 784 785 786 787 788 789 790 791 792 793 794 795 796 797 798 799 800 801 802 803 804 805 806 807 808 809 810 811 812 813 814 815 816 817 818 819 820 821 822 823 824 825 826 827 828 829 830 831 832 833 834 835 836 837 838 839 840 841 842 843 844 845 846 847 848 849 850 851 852 853 854 855 856 857 858 859 860 861 862 863 864 865 866 867 868 869 870 871 872 873 874 875 876 877 878 879 880 881 882 883 884 885 886 887 888 889 890 891 892 893 894 895 896 897 898 899 900 901 902 903 904 905 906 907 908 909 910 911 912 913 914 915 916 917 918 919 920 921 922 923 924 925 926 927 928 929 930 931 932 933 934 935 936 937 938 939 940 941 942 943 944 945 946 947 948 949 950 951 952 953 954 955 956 957 958 959 960 961 962 963 964 965 966 967 968 969 970 971 972 973 974 975 976 977 978 979 980 981 982 983 984 985 986 987 988 989 990 991 992 993 994 995 996 997 998 999 1000 1001 1002 1003 1004 1005 1006 1007 1008 1009 1010 1011 1012 1013 1014 1015 1016 1017 1018 1019 1020 1021 1022 1023 97 133 131 88 76 82 74 81 84 100 69 23 70 52 768 576 50 49 67 56 640 320 384 41 73 528 544 42 520 44 15 288 192 516 264 513 514 144 35 38 258 257 136 260 272 25 96 28 130 132 160 37 26 129 80 72 21 66 22 68 48 40 65 19 36 14 512 34 13 24 256 33 11 128 20 18 64 7 17 12 10 32 9 6 5 3 16 8 1 4 2 0

SNR -9.000
14 15 21 22 23 25 26 27 28 29 30 31 35 37 38 39 41 42 43 44 45 46 47 49 50 51 52 53 54 55 56 57 58 59 60 61 62 63 67 69 70 71 73 74 75 76 77 78 79 81 82 83 84 85 86 87 88 89 90 91 92 93 94 95 97 98 99 100 101 102 103 104 105 106 107 108 109 110 111 112 113 114 115 116 117 118 119 120 121 122 123 124 125 126 127 131 133 134 135 137 138 139 140 141 142 143 145 146 147 148 149 150 151 152 153 154 155 156 157 158 159 161 162 163 164 165 166 167 168 169 170 171 172 173 174 175 176 177 178 179 180 181 182 183 184 185 186 187 188 189 190 191 193 194 195 196 197 198 199 200 201 202 203 204 205 206 207 208 209 210 211 212 213 214 215 216 217 218 219 220 221 222 223 224 225 226 227 228 229 230 231 232 233 234 235 236 237 238 239 240 241 242 243 244 245 246 247 248 249 250 251 252 253 254 255 259 261 262 263 265 266 267 268 269 270 271 273 274 275 276 277 278 279 280 281 282 283 284 285 286 287 289 290 291 292 293 294 295 296 297 298 299 300 301 302 303 304 305 306 307 308 309 310 311 312 313 314 315 316 317 318 319 321 322 323 324 325 326 327 328 329 330 331 332 333 334 335 336 337 338 339 340 341 342 343 344 345 346 347 348 349 350 351 352 353 354 355 356 357 358 359 360 361 362 363 364 365 366 367 368 369 370 371 372 373 374 375 376 377 378 379 380 381 382 383 385 386 387 388 389 390 391 392 393 394 395 396 397 398 399 400 401 402 403 404 405 406 407 408 409 410 411 412 413 414 415 416 417 418 419 420 421 422 423 424 425 426 427 428 429 430 431 432 433 434 435 436 437 438 439 440 441 442 443 444 445 446 447 448 449 450 451 452 453 454 455 456 457 458 459 460 461 462 463 464 465 466 467 468 469 470 471 472 473 474 475 476 477 478 479 480 481 482 483 484 485 486 487 488 489 490 491 492 493 494 495 496 497 498 499 500 501 502 503 504 505 506 507 508 509 510 511 515 517 518 519 521 522 523 524 525 526 527 529 530 531 532 533 534 535 536 537 538 539 540 541 542 543 545 546 547 548 549 550 551 552 553 554 555 556 557 558 559 560 561 562 563 564 565 566 567 568 569 570 571 572 573 574 575 577 578 579 580 581 582 583 584 585 586 587 588 589 590 591 592 593 594 595 596 597 598 599 600 601 602 603 604 605 606 607 608 609 610 611 612 613 614 615 616 617 618 619 620 621 622 623 624 625 626 627 628 629 630 631 632 633 634 635 636 637 638 639 640 641 642 643 644 645 646 647 648 649 650 651 652 653 654 655 656 657 658 659 660 661 662 663 664 665 666 667 668 669 670 671 672 673 674 675 676 677 678 679 680 681 682 683 684 685 686 687 688 689 690 691 692 693 694 695 696 697 698 699 700 701 702 703 704 705 706 707 708 709 710 711 712 713 714 715 716 717 718 719 720 721 722 723 724 725 726 727 728 729 730 731 732 733 734 735 736 737 738 739 740 741 742 743 744 745 746 747 748 749 750 751 752 753 754 755 756 757 758 759 760 761 762 763 764 765 766 767 768 769 770 771 772 773 774 775 776 777 778 779 780 781 782 783 784 785 786 787 788 789 790 791 792 793 794 795 796 797 798 799 800 801 802 803 804 805 806 807 808 809 810 811 812 813 814 815 816 817 818 819 820 821 822 823 824 825 826 827 828 829 830 831 832 833 834 835 836 837 838 839 840 841 842 843 844 845 846 847 848 849 850 851 852 853 854 855 856 857 858 859 860 861 862 863 864 865 866 867 868 869 870 871 872 873 874 875 876 877 878 879 880 881 882 883 884 885 886 887 888 889 890 891 892 893 894 895 896 897 898 899 900 901 902 903 904 905 906 907 908 909 910 911 912 913 914 915 916 917 918 919 920 921 922 923 924 925 926 927 928 929 930 931 932 933 934 935 936 937 938 939 940 941 942 943 944 945 946 947 948 949 950 951 952 953 954 955 956 957 958 959 960 961 962 963 964 965 966 967 968 969 970 971 972 973 974 975 976 977 978 979 980 981 982 983 984 985 986 987 988 989 990 991 992 993 994 995 996 997 998 999 1000 1001 1002 1003 1004 1005 1006 1007 1008 1009 1010 1011 1012 1013 1014 1015 1016 1017 1018 1019 1020 1021 1022 1023 384 13 320 576 19 11 272 160 520 264 528 516 192 288 144 544 514 260 96 258 257 513 80 68 7 130 66 72 48 136 36 40 129 132 34 65 24 20 33 18 12 10 512 17 9 256 128 6 64 5 32 16 3 8 4 2 1 0

SNR -8.500
14 15 21 22 23 25 26 27 28 29 30 31 35 37 38 39 41 42 43 44 45 46 47 49 50 51 52 53 54 55 56 57 58 59 60 61 62 63 67 69 70 71 73 74 75 76 77 78 79 81 82 83 84 85 86 87 88 89 90 91 92 93 94 95 97 98 99 100 101 102 103 104 105 106 107 108 109 110 111 112 113 114 115 116 117 118 119 120 121 122 123 124 125 126 127 131 133 134 135 137 138 139 140 141 142 143 145 146 147 148 149 150 151 152 153 154 155 156 157 158 159 161 162 163 164 165 166 167 168 169 170 171 172 173 174 175 176 177 178 179 180 181 182 183 184 185 186 187 188 189 190 191 193 194 195 196 197 198 199 200 201 202 203 204 205 206 207 208 209 210 211 212 213 214 215 216 217 218 219 220 221 222 223 224 225 226 227 228 229 230 231 232 233 234 235 236 237 238 239 240 241 242 243 244 245 246 247 248 249 250 251 252 253 254 255 259 261 262 263 265 266 267 268 269 270 271 273 274 275 276 277 278 279 280 281 282 283 284 285 286 287 289 290 291 292 293 294 295 296 297 298 299 300 301 302 303 304 305 306 307 308 309 310 311 312 313 314 315 316 317 318 319 321 322 323 324 325 326 327 328 329 330 331 332 333 334 335 336 337 338 339 340 341 342 343 344 345 346 347 348 349 350 351 352 353 354 355 356 357 358 359 360 361 362 363 364 365 366 367 368 369 370 371 372 373 374 375 376 377 378 379 380 381 382 383 385 386 387 388 389 390 391 392 393 394 395 396 397 398 399 400 401 402 403 404 405 406 407 408 409 410 411 412 413 414 415 416 417 418 419 420 421 422 423 424 425 426 427 428 429 430 431 432 433 434 435 436 437 438 439 440 441 442 443 444 445 446 447 448 449 450 451 452 453 454 455 456 457 458 459 460 461 462 463 464 465 466 467 468 469 470 471 472 473 474 475 476 477 478 479 480 481 482 483 484 485 486 487 488 489 490 491 492 493 494 495 496 497 498 499 500 501 502 503 504 505 506 507 508 509 510 511 515 517 518 519 521 522 523 524 525 526 527 529 530 531 532 533 534 535 536 537 538 539 540 541 542 543 545 546 547 548 549 550 551 552 553 554 555 556 557 558 559 560 561 562 563 564 565 566 567 568 569 570 571 572 573 574 575 577 578 579 580 581 582 583 584 585 586 587 588 589 590 591 592 593 594 595 596 597 598 599 600 601 602 603 604 605 606 607 608 609 610 611 612 613 614 615 616 617 618 619 620 621 622 623 624 625 626 627 628 629 630 631 632 633 634 635 636 637 638 639 640 641 642 643 644 645 646 647 648 649 650 651 652 653 654 655 656 657 658 659 660 661 662 663 664 665 666 667 668 669 670 671 672 673 674 675 676 677 678 679 680 681 682 683 684 685 686 687 688 689 690 691 692 693 694 695 696 697 698 699 700 701 702 703 704 705 706 707 708 709 710 711 712 713 714 715 716 717 718 719 720 721 722 723 724 725 726 727 728 729 730 731 732 733 734 735 736 737 738 739 740 741 742 743 744 745 746 747 748 749 750 751 752 753 754 755 756 757 758 759 760 761 762 763 764 765 766 767 768 769 770 771 772 773 774 775 776 777 778 779 780 781 782 783 784 785 786 787 788 789 790 791 792 793 794 795 796 797 798 799 800 801 802 803 804 805 806 807 808 809 810 811 812 813 814 815 816 817 818 819 820 821 822 823 824 825 826 827 828 829 830 831 832 833 834 835 836 837 838 839 840 841 842 843 844 845 846 847 848 849 850 851 852 853 854 855 856 857 858 859 860 861 862 863 864 865 866 867 868 869 870 871 872 873 874 875 876 877 878 879 880 881 882 883 884 885 886 887 888 889 890 891 892 893 894 895 896 897 898 899 900 901 902 903 904 905 906 907 908 909 910 911 912 913 914 915 916 917 918 919 920 921 922 923 924 925 926 927 928 929 930 931 932 933 934 935 936 937 938 939 940 941 942 943 944 945 946 947 948 949 950 951 952 953 954 955 956 957 958 959 960 961 962 963 964 965 966 967 968 969 970 971 972 973 974 975 976 977 978 979 980 981 982 983 984 985 986 987 988 989 990 991 992 993 994 995 996 997 998 999 1000 1001 1002 1003 1004 1005 1006 1007 1008 1009 1010 1011 1012 1013 1014 1015 1016 1017 1018 1019 1020 1021 1022 1023 384 13 320 576 19 11 272 160 520 264 528 516 192 288 144 544 514 260 96 258 257 513 80 68 7 130 66 72 48 136 36 40 129 132 34 65 24 20 33 18 12 10 512 17 9 256 128 6 64 5 32 16 3 8 4 2 1 0

SNR -8.000
7 11 13 14 15 19 21 22 23 25 26 27 28 29 30 31 35 37 38 39 40 41 42 43 44 45 46 47 48 49 50 51 52 53 54 55 56 57 58 59 60 61 62 63 65 66 67 68 69 70 71 72 73 74 75 76 77 78 79 80 81 82 83 84 85 86 87 88 89 90 91 92 93 94 95 96 97 98 99 100 101 102 103 104 105 106 107 108 109 110 111 112 113 114 115 116 117 118 119 120 121 122 123 124 125 126 127 129 130 131 132 133 134 135 136 137 138 139 140 141 142 143 144 145 146 147 148 149 150 151 152 153 154 155 156 157 158 159 160 161 162 163 164 165 166 167 168 169 170 171 172 173 174 175 176 177 178 179 180 181 182 183 184 185 186 187 188 189 190 191 192 193 194 195 196 197 198 199 200 201 202 203 204 205 206 207 208 209 210 211 212 213 214 215 216 217 218 219 220 221 222 223 224 225 226 227 228 229 230 231 232 233 234 235 236 237 238 239 240 241 242 243 244 245 246 247 248 249 250 251 252 253 254 255 257 258 259 260 261 262 263 264 265 266 267 268 269 270 271 272 273 274 275 276 277 278 279 280 281 282 283 284 285 286 287 288 289 290 291 292 293 294 295 296 297 298 299 300 301 302 303 304 305 306 307 308 309 310 311 312 313 314 315 316 317 318 319 320 321 322 323 324 325 326 327 328 329 330 331 332 333 334 335 336 337 338 339 340 341 342 343 344 345 346 347 348 349 350 351 352 353 354 355 356 357 358 359 360 361 362 363 364 365 366 367 368 369 370 371 372 373 374 375 376 377 378 379 380 381 382 383 384 385 386 387 388 389 390 391 392 393 394 395 396 397 398 399 400 401 402 403 404 405 406 407 408 409 410 411 412 413 414 415 416 417 418 419 420 421 422 423 424 425 426 427 428 429 430 431 432 433 434 435 436 437 438 439 440 441 442 443 444 445 446 447 448 449 450 451 452 453 454 455 456 457 458 459 460 461 462 463 464 465 466 467 468 469 470 471 472 473 474 475 476 477 478 479 480 481 482 483 484 485 486 487 488 489 490 491 492 493 494 495 496 497 498 499 500 501 502 503 504 505 506 507 508 509 510 511 513 514 515 516 517 518 519 520 521 522 523 524 525 526 527 528 529 530 531 532 533 534 535 536 537 538 539 540 541 542 543 544 545 546 547 548 549 550 551 552 553 554 555 556 557 558 559 560 561 562 563 564 565 566 567 568 569 570 571 572 573 574 575 576 577 578 579 580 581 582 583 584 585 586 587 588 589 590 591 592 593 594 595 596 597 598 599 600 601 602 603 604 605 606 607 608 609 610 611 612 613 614 615 616 617 618 619 620 621 622 623 624 625 626 627 628 629 630 631 632 633 634 635 636 637 638 639 640 641 642 643 644 645 646 647 648 649 650 651 652 653 654 655 656 657 658 659 660 661 662 663 664 665 666 667 668 669 670 671 672 673 674 675 676 677 678 679 680 681 682 683 684 685 686 687 688 689 690 691 692 693 694 695 696 697 698 699 700 701 702 703 704 705 706 707 708 709 710 711 712 713 714 715 716 717 718 719 720 721 722 723 724 725 726 727 728 729 730 731 732 733 734 735 736 737 738 739 740 741 742 743 744 745 746 747 748 749 750 751 752 753 754 755 756 757 758 759 760 761 762 763 764 765 766 767 768 769 770 771 772 773 774 775 776 777 778 779 780 781 782 783 784 785 786 787 788 789 790 791 792 793 794 795 796 797 798 799 800 801 802 803 804 805 806 807 808 809 810 811 812 813 814 815 816 817 818 819 820 821 822 823 824 825 826 827 828 829 830 831 832 833 834 835 836 837 838 839 840 841 842 843 844 845 846 847 848 849 850 851 852 853 854 855 856 857 858 859 860 861 862 863 864 865 866 867 868 869 870 871 872 873 874 875 876 877 878 879 880 881 882 883 884 885 886 887 888 889 890 891 892 893 894 895 896 897 898 899 900 901 902 903 904 905 906 907 908 909 910 911 912 913 914 915 916 917 918 919 920 921 922 923 924 925 926 927 928 929 930 931 932 933 934 935 936 937 938 939 940 941 942 943 944 945 946 947 948 949 950 951 952 953 954 955 956 957 958 959 960 961 962 963 964 965 966 967 968 969 970 971 972 973 974 975 976 977 978 979 980 981 982 983 984 985 986 987 988 989 990 991 992 993 994 995 996 997 998 999 1000 1001 1002 1003 1004 1005 1006 1007 1008 1009 1010 1011 1012 1013 1014 1015 1016 1017 1018 1019 1020 1021 1022 1023 36 24 20 18 10 34 33 9 17 6 12 3 5 256 512 128 64 16 32 8 4 2 1 0

SNR -7.500
7 11 13 14 15 19 21 22 23 25 26 27 28 29 30 31 35 37 38 39 40 41 42 43 44 45 46 47 48 49 50 51 52 53 54 55 56 57 58 59 60 61 62 63 65 66 67 68 69 70 71 72 73 74 75 76 77 78 79 80 81 82 83 84 85 86 87 88 89 90 91 92 93 94 95 96 97 98 99 100 101 102 103 104 105 106 107 108 109 110 111 112 113 114 115 116 117 118 119 120 121 122 123 124 125 126 127 129 130 131 132 133 134 135 136 137 138 139 140 141 142 143 144 145 146 147 148 149 150 151 152 153 154 155 156 157 158 159 160 161 162 163 164 165 166 167 168 169 170 171 172 173 174 175 176 177 178 179 180 181 182 183 184 185 186 187 188 189 190 191 192 193 194 195 196 197 198 199 200 201 202 203 204 205 206 207 208 209 210 211 212 213 214 215 216 217 218 219 220 221 222 223 224 225 226 227 228 229 230 231 232 233 234 235 236 237 238 239 240 241 242 243 244 245 246 247 248 249 250 251 252 253 254 255 257 258 259 260 261 262 263 264 265 266 267 268 269 270 271 272 273 274 275 276 277 278 279 280 281 282 283 284 285 286 287 288 289 290 291 292 293 294 295 296 297 298 299 300 301 302 303 304 305 306 307 308 309 310 311 312 313 314 315 316 317 318 319 320 321 322 323 324 325 326 327 328 329 330 331 332 333 334 335 336 337 338 339 340 341 342 343 344 345 346 347 348 349 350 351 352 353 354 355 356 357 358 359 360 361 362 363 364 365 366 367 368 369 370 371 372 373 374 375 376 377 378 379 380 381 382 383 384 385 386 387 388 389 390 391 392 393 394 395 396 397 398 399 400 401 402 403 404 405 406 407 408 409 410 411 412 413 414 415 416 417 418 419 420 421 422 423 424 425 426 427 428 429 430 431 432 433 434 435 436 437 438 439 440 441 442 443 444 445 446 447 448 449 450 451 452 453 454 455 456 457 458 459 460 461 462 463 464 465 466 467 468 469 470 471 472 473 474 475 476 477 478 479 480 481 482 483 484 485 486 487 488 489 490 491 492 493 494 495 496 497 498 499 500 501 502 503 504 505 506 507 508 509 510 511 513 514 515 516 517 518 519 520 521 522 523 524 525 526 527 528 529 530 531 532 533 534 535 536 537 538 539 540 541 542 543 544 545 546 547 548 549 550 551 552 553 554 555 556 557 558 559 560 561 562 563 564 565 566 567 568 569 570 571 572 573 574 575 576 577 578 579 580 581 582 583 584 585 586 587 588 589 590 591 592 593 594 595 596 597 598 599 600 601 602 603 604 605 606 607 608 609 610 611 612 613 614 615 616 617 618 619 620 621 622 623 624 625 626 627 628 629 630 631 632 633 634 635 636 637 638 639 640 641 642 643 644 645 646 647 648 649 650 651 652 653 654 655 656 657 658 659 660 661 662 663 664 665 666 667 668 669 670 671 672 673 674 675 676 677 678 679 680 681 682 683 684 685 686 687 688 689 690 691 692 693 694 695 696 697 698 699 700 701 702 703 704 705 706 707 708 709 710 711 712 713 714 715 716 717 718 719 720 721 722 723 724 725 726 727 728 729 730 731 732 733 734 735 736 737 738 739 740 741 742 743 744 745 746 747 748 749 750 751 752 753 754 755 756 757 758 759 760 761 762 763 764 765 766 767 768 769 770 771 772 773 774 775 776 777 778 779 780 781 782 783 784 785 786 787 788 789 790 791 792 793 794 795 796 797 798 799 800 801 802 803 804 805 806 807 808 809 810 811 812 813 814 815 816 817 818 819 820 821 822 823 824 825 826 827 828 829 830 831 832 833 834 835 836 837 838 839 840 841 842 843 844 845 846 847 848 849 850 851 852 853 854 855 856 857 858 859 860 861 862 863 864 865 866 867 868 869 870 871 872 873 874 875 876 877 878 879 880 881 882 883 884 885 886 887 888 889 890 891 892 893 894 895 896 897 898 899 900 901 902 903 904 905 906 907 908 909 910 911 912 913 914 915 916 917 918 919 920 921 922 923 924 925 926 927 928 929 930 931 932 933 934 935 936 937 938 939 940 941 942 943 944 945 946 947 948 949 950 951 952 953 954 955 956 957 958 959 960 961 962 963 964 965 966 967 968 969 970 971 972 973 974 975 976 977 978 979 980 981 982 983 984 985 986 987 988 989 990 991 992 993 994 995 996 997 998 999 1000 1001 1002 1003 1004 1005 1006 1007 1008 1009 1010 1011 1012 1013 1014 1015 1016 1017 1018 1019 1020 1021 1022 1023 36 24 20 18 10 34 33 9 17 6 12 3 5 256 512 128 64 16 32 8 4 2 1 0

SNR -7.000
3 5 6 7 9 10 11 12 13 14 15 17 18 19 20 21 22 23 24 25 26 27 28 29 30 31 33 34 35 36 37 38 39 40 41 42 43 44 45 46 47 48 49 50 51 52 53 54 55 56 57 58 59 60 61 62 63 65 66 67 68 69 70 71 72 73 74 75 76 77 78 79 80 81 82 83 84 85 86 87 88 89 90 91 92 93 94 95 96 97 98 99 100 101 102 103 104 105 106 107 108 109 110 111 112 113 114 115 116 117 118 119 120 121 122 123 124 125 126 127 129 130 131 132 133 134 135 136 137 138 139 140 141 142 143 144 145 146 147 148 149 150 151 152 153 154 155 156 157 158 159 160 161 162 163 164 165 166 167 168 169 170 171 172 173 174 175 176 177 178 179 180 181 182 183 184 185 186 187 188 189 190 191 192 193 194 195 196 197 198 199 200 201 202 203 204 205 206 207 208 209 210 211 212 213 214 215 216 217 218 219 220 221 222 223 224 225 226 227 228 229 230 231 232 233 234 235 236 237 238 239 240 241 242 243 244 245 246 247 248 249 250 251 252 253 254 255 257 258 259 260 261 262 263 264 265 266 267 268 269 270 271 272 273 274 275 276 277 278 279 280 281 282 283 284 285 286 287 288 289 290 291 292 293 294 295 296 297 298 299 300 301 302 303 304 305 306 307 308 309 310 311 312 313 314 315 316 317 318 319 320 321 322 323 324 325 326 327 328 329 330 331 332 333 334 335 336 337 338 339 340 341 342 343 344 345 346 347 348 349 350 351 352 353 354 355 356 357 358 359 360 361 362 363 364 365 366 367 368 369 370 371 372 373 374 375 376 377 378 379 380 381 382 383 384 385 386 387 388 389 390 391 392 393 394 395 396 397 398 399 400 401 402 403 404 405 406 407 408 409 410 411 412 413 414 415 416 417 418 419 420 421 422 423 424 425 426 427 428 429 430 431 432 433 434 435 436 437 438 439 440 441 442 443 444 445 446 447 448 449 450 451 452 453 454 455 456 457 458 459 460 461 462 463 464 465 466 467 468 469 470 471 472 473 474 475 476 477 478 479 480 481 482 483 484 485 486 487 488 489 490 491 492 493 494 495 496 497 498 499 500 501 502 503 504 505 506 507 508 509 510 511 513 514 515 516 517 518 519 520 521 522 523 524 525 526 527 528 529 530 531 532 533 534 535 536 537 538 539 540 541 542 543 544 545 546 547 548 549 550 551 552 553 554 555 556 557 558 559 560 561 562 563 564 565 566 567 568 569 570 571 572 573 574 575 576 577 578 579 580 581 582 583 584 585 586 587 588 589 590 591 592 593 594 595 596 597 598 599 600 601 602 603 604 605 606 607 608 609 610 611 612 613 614 615 616 617 618 619 620 621 622 623 624 625 626 627 628 629 630 631 632 633 634 635 636 637 638 639 640 641 642 643 644 645 646 647 648 649 650 651 652 653 654 655 656 657 658 659 660 661 662 663 664 665 666 667 668 669 670 671 672 673 674 675 676 677 678 679 680 681 682 683 684 685 686 687 688 689 690 691 692 693 694 695 696 697 698 699 700 701 702 703 704 705 706 707 708 709 710 711 712 713 714 715 716 717 718 719 720 721 722 723 724 725 726 727 728 729 730 731 732 733 734 735 736 737 738 739 740 741 742 743 744 745 746 747 748 749 750 751 752 753 754 755 756 757 758 759 760 761 762 763 764 765 766 767 768 769 770 771 772 773 774 775 776 777 778 779 780 781 782 783 784 785 786 787 788 789 790 791 792 793 794 795 796 797 798 799 800 801 802 803 804 805 806 807 808 809 810 811 812 813 814 815 816 817 818 819 820 821 822 823 824 825 826 827 828 829 830 831 832 833 834 835 836 837 838 839 840 841 842 843 844 845 846 847 848 849 850 851 852 853 854 855 856 857 858 859 860 861 862 863 864 865 866 867 868 869 870 871 872 873 874 875 876 877 878 879 880 881 882 883 884 885 886 887 888 889 890 891 892 893 894 895 896 897 898 899 900 901 902 903 904 905 906 907 908 909 910 911 912 913 914 915 916 917 918 919 920 921 922 923 924 925 926 927 928 929 930 931 932 933 934 935 936 937 938 939 940 941 942 943 944 945 946 947 948 949 950 951 952 953 954 955 956 957 958 959 960 961 962 963 964 965 966 967 968 969 970 971 972 973 974 975 976 977 978 979 980 981 982 983 984 985 986 987 988 989 990 991 992 993 994 995 996 997 998 999 1000 1001 1002 1003 1004 1005 1006 1007 1008 1009 1010 1011 1012 1013 1014 1015 1016 1017 1018 1019 1020 1021 1022 1023 512 64 256 32 8 16 4 128 2 1 0

SNR -6.500
3 5 6 7 9 10 11 12 13 14 15 17 18 19 20 21 22 23 24 25 26 27 28 29 30 31 33 34 35 36 37 38 39 40 41 42 43 44 45 46 47 48 49 50 51 52 53 54 55 56 57 58 59 60 61 62 63 65 66 67 68 69 70 71 72 73 74 75 76 77 78 79 80 81 82 83 84 85 86 87 88 89 90 91 92 93 94 95 96 97 98 99 100 101 102 103 104 105 106 107 108 109 110 111 112 113 114 115 116 117 118 119 120 121 122 123 124 125 126 127 129 130 131 132 133 134 135 136 137 138 139 140 141 142 143 144 145 146 147 148 149 150 151 152 153 154 155 156 157 158 159 160 161 162 163 164 165 166 167 168 169 170 171 172 173 174 175 176 177 178 179 180 181 182 183 184 185 186 187 188 189 190 191 192 193 194 195 196 197 198 199 200 201 202 203 204 205 206 207 208 209 210 211 212 213 214 215 216 217 218 219 220 221 222 223 224 225 226 227 228 229 230 231 232 233 234 235 236 237 238 239 240 241 242 243 244 245 246 247 248 249 250 251 252 253 254 255 257 258 259 260 261 262 263 264 265 266 267 268 269 270 271 272 273 274 275 276 277 278 279 280 281 282 283 284 285 286 287 288 289 290 291 292 293 294 295 296 297 298 299 300 301 302 303 304 305 306 307 308 309 310 311 312 313 314 315 316 317 318 319 320 321 322 323 324 325 326 327 328 329 330 331 332 333 334 335 336 337 338 339 340 341 342 343 344 345 346 347 348 349 350 351 352 353 354 355 356 357 358 359 360 361 362 363 364 365 366 367 368 369 370 371 372 373 374 375 376 377 378 379 380 381 382 383 384 385 386 387 388 389 390 391 392 393 394 395 396 397 398 399 400 401 402 403 404 405 406 407 408 409 410 411 412 413 414 415 416 417 418 419 420 421 422 423 424 425 426 427 428 429 430 431 432 433 434 435 436 437 438 439 440 441 442 443 444 445 446 447 448 449 450 451 452 453 454 455 456 457 458 459 460 461 462 463 464 465 466 467 468 469 470 471 472 473 474 475 476 477 478 479 480 481 482 483 484 485 486 487 488 489 490 491 492 493 494 495 496 497 498 499 500 501 502 503 504 505 506 507 508 509 510 511 513 514 515 516 517 518 519 520 521 522 523 524 525 526 527 528 529 530 531 532 533 534 535 536 537 538 539 540 541 542 543 544 545 546 547 548 549 550 551 552 553 554 555 556 557 558 559 560 561 562 563 564 565 566 567 568 569 570 571 572 573 574 575 576 577 578 579 580 581 582 583 584 585 586 587 588 589 590 591 592 593 594 595 596 597 598 599 600 601 602 603 604 605 606 607 608 609 610 611 612 613 614 615 616 617 618 619 620 621 622 623 624 625 626 627 628 629 630 631 632 633 634 635 636 637 638 639 640 641 642 643 644 645 646 647 648 649 650 651 652 653 654 655 656 657 658 659 660 661 662 663 664 665 666 667 668 669 670 671 672 673 674 675 676 677 678 679 680 681 682 683 684 685 686 687 688 689 690 691 692 693 694 695 696 697 698 699 700 701 702 703 704 705 706 707 708 709 710 711 712 713 714 715 716 717 718 719 720 721 722 723 724 725 726 727 728 729 730 731 732 733 734 735 736 737 738 739 740 741 742 743 744 745 746 747 748 749 750 751 752 753 754 755 756 757 758 759 760 761 762 763 764 765 766 767 768 769 770 771 772 773 774 775 776 777 778 779 780 781 782 783 784 785 786 787 788 789 790 791 792 793 794 795 796 797 798 799 800 801 802 803 804 805 806 807 808 809 810 811 812 813 814 815 816 817 818 819 820 821 822 823 824 825 826 827 828 829 830 831 832 833 834 835 836 837 838 839 840 841 842 843 844 845 846 847 848 849 850 851 852 853 854 855 856 857 858 859 860 861 862 863 864 865 866 867 868 869 870 871 872 873 874 875 876 877 878 879 880 881 882 883 884 885 886 887 888 889 890 891 892 893 894 895 896 897 898 899 900 901 902 903 904 905 906 907 908 909 910 911 912 913 914 915 916 917 918 919 920 921 922 923 924 925 926 927 928 929 930 931 932 933 934 935 936 937 938 939 940 941 942 943 944 945 946 947 948 949 950 951 952 953 954 955 956 957 958 959 960 961 962 963 964 965 966 967 968 969 970 971 972 973 974 975 976 977 978 979 980 981 982 983 984 985 986 987 988 989 990 991 992 993 994 995 996 997 998 999 1000 1001 1002 1003 1004 1005 1006 1007 1008 1009 1010 1011 1012 1013 1014 1015 1016 1017 1018 1019 1020 1021 1022 1023 512 64 256 32 8 16 4 128 2 1 0

SNR -6.000
3 5 6 7 9 10 11 12 13 14 15 17 18 19 20 21 22 23 24 25 26 27 28 29 30 31 33 34 35 36 37 38 39 40 41 42 43 44 45 46 47 48 49 50 51 52 53 54 55 56 57 58 59 60 61 62 63 65 66 67 68 69 70 71 72 73 74 75 76 77 78 79 80 81 82 83 84 85 86 87 88 89 90 91 92 93 94 95 96 97 98 99 100 101 102 103 104 105 106 107 108 109 110 111 112 113 114 115 116 117 118 119 120 121 122 123 124 125 126 127 128 129 130 131 132 133 134 135 136 137 138 139 140 141 142 143 144 145 146 147 148 149 150 151 152 153 154 155 156 157 158 159 160 161 162 163 164 165 166 167 168 169 170 171 172 173 174 175 176 177 178 179 180 181 182 183 184 185 186 187 188 189 190 191 192 193 194 195 196 197 198 199 200 201 202 203 204 205 206 207 208 209 210 211 212 213 214 215 216 217 218 219 220 221 222 223 224 225 226 227 228 229 230 231 232 233 234 235 236 237 238 239 240 241 242 243 244 245 246 247 248 249 250 251 252 253 254 255 256 257 258 259 260 261 262 263 264 265 266 267 268 269 270 271 272 273 274 275 276 277 278 279 280 281 282 283 284 285 286 287 288 289 290 291 292 293 294 295 296 297 298 299 300 301 302 303 304 305 306 307 308 309 310 311 312 313 314 315 316 317 318 319 320 321 322 323 324 325 326 327 328 329 330 331 332 333 334 335 336 337 338 339 340 341 342 343 344 345 346 347 348 349 350 351 352 353 354 355 356 357 358 359 360 361 362 363 364 365 366 367 368 369 370 371 372 373 374 375 376 377 378 379 380 381 382 383 384 385 386 387 388 389 390 391 392 393 394 395 396 397 398 399 400 401 402 403 404 405 406 407 408 409 410 411 412 413 414 415 416 417 418 419 420 421 422 423 424 425 426 427 428 429 430 431 432 433 434 435 436 437 438 439 440 441 442 443 444 445 446 447 448 449 450 451 452 453 454 455 456 457 458 459 460 461 462 463 464 465 466 467 468 469 470 471 472 473 474 475 476 477 478 479 480 481 482 483 484 485 486 487 488 489 490 491 492 493 494 495 496 497 498 499 500 501 502 503 504 505 506 507 508 509 510 511 513 514 515 516 517 518 519 520 521 522 523 524 525 526 527 528 529 530 531 532 533 534 535 536 537 538 539 540 541 542 543 544 545 546 547 548 549 550 551 552 553 554 555 556 557 558 559 560 561 562 563 564 565 566 567 568 569 570 571 572 573 574 575 576 577 578 579 580 581 582 583 584 585 586 587 588 589 590 591 592 593 594 595 596 597 598 599 600 601 602 603 604 605 606 607 608 609 610 611 612 613 614 615 616 617 618 619 620 621 622 623 624 625 626 627 628 629 630 631 632 633 634 635 636 637 638 639 640 641 642 643 644 645 646 647 648 649 650 651 652 653 654 655 656 657 658 659 660 661 662 663 664 665 666 667 668 669 670 671 672 673 674 675 676 677 678 679 680 681 682 683 684 685 686 687 688 689 690 691 692 693 694 695 696 697 698 699 700 701 702 703 704 705 706 707 708 709 710 711 712 713 714 715 716 717 718 719 720 721 722 723 724 725 726 727 728 729 730 731 732 733 734 735 736 737 738 739 740 741 742 743 744 745 746 747 748 749 750 751 752 753 754 755 756 757 758 759 760 761 762 763 764 765 766 767 768 769 770 771 772 773 774 775 776 777 778 779 780 781 782 783 784 785 786 787 788 789 790 791 792 793 794 795 796 797 798 799 800 801 802 803 804 805 806 807 808 809 810 811 812 813 814 815 816 817 818 819 820 821 822 823 824 825 826 827 828 829 830 831 832 833 834 835 836 837 838 839 840 841 842 843 844 845 846 847 848 849 850 851 852 853 854 855 856 857 858 859 860 861 862 863 864 865 866 867 868 869 870 871 872 873 874 875 876 877 878 879 880 881 882 883 884 885 886 887 888 889 890 891 892 893 894 895 896 897 898 899 900 901 902 903 904 905 906 907 908 909 910 911 912 913 914 915 916 917 918 919 920 921 922 923 924 925 926 927 928 929 930 931 932 933 934 935 936 937 938 939 940 941 942 943 944 945 946 947 948 949 950 951 952 953 954 955 956 957 958 959 960 961 962 963 964 965 966 967 968 969 970 971 972 973 974 975 976 977 978 979 980 981 982 983 984 985 986 987 988 989 990 991 992 993 994 995 996 997 998 999 1000 1001 1002 1003 1004 1005 1006 1007 1008 1009 1010 1011 1012 1013 1014 1015 1016 1017 1018 1019 1020 1021 1022 1023 64 512 8 32 16 4 2 1 0

SNR -5.500
3 5 6 7 9 10 11 12 13 14 15 17 18 19 20 21 22 23 24 25 26 27 28 29 30 31 33 34 35 36 37 38 39 40 41 42 43 44 45 46 47 48 49 50 51 52 53 54 55 56 57 58 59 60 61 62 63 65 66 67 68 69 70 71 72 73 74 75 76 77 78 79 80 81 82 83 84 85 86 87 88 89 90 91 92 93 94 95 96 97 98 99 100 101 102 103 104 105 106 107 108 109 110 111 112 113 114 115 116 117 118 119 120 121 122 123 124 125 126 127 128 129 130 131 132 133 134 135 136 137 138 139 140 141 142 143 144 145 146 147 148 149 150 151 152 153 154 155 156 157 158 159 160 161 162 163 164 165 166 167 168 169 170 171 172 173 174 175 176 177 178 179 180 181 182 183 184 185 186 187 188 189 190 191 192 193 194 195 196 197 198 199 200 201 202 203 204 205 206 207 208 209 210 211 212 213 214 215 216 217 218 219 220 221 222 223 224 225 226 227 228 229 230 231 232 233 234 235 236 237 238 239 240 241 242 243 244 245 246 247 248 249 250 251 252 253 254 255 256 257 258 259 260 261 262 263 264 265 266 267 268 269 270 271 272 273 274 275 276 277 278 279 280 281 282 283 284 285 286 287 288 289 290 291 292 293 294 295 296 297 298 299 300 301 302 303 304 305 306 307 308 309 310 311 312 313 314 315 316 317 318 319 320 321 322 323 324 325 326 327 328 329 330 331 332 333 334 335 336 337 338 339 340 341 342 343 344 345 346 347 348 349 350 351 352 353 354 355 356 357 358 359 360 361 362 363 364 365 366 367 368 369 370 371 372 373 374 375 376 377 378 379 380 381 382 383 384 385 386 387 388 389 390 391 392 393 394 395 396 397 398 399 400 401 402 403 404 405 406 407 408 409 410 411 412 413 414 415 416 417 418 419 420 421 422 423 424 425 426 427 428 429 430 431 432 433 434 435 436 437 438 439 440 441 442 443 444 445 446 447 448 449 450 451 452 453 454 455 456 457 458 459 460 461 462 463 464 465 466 467 468 469 470 471 472 473 474 475 476 477 478 479 480 481 482 483 484 485 486 487 488 489 490 491 492 493 494 495 496 497 498 499 500 501 502 503 504 505 506 507 508 509 510 511 513 514 515 516 517 518 519 520 521 522 523 524 525 526 527 528 529 530 531 532 533 534 535 536 537 538 539 540 541 542 543 544 545 546 547 548 549 550 551 552 553 554 555 556 557 558 559 560 561 562 563 564 565 566 567 568 569 570 571 572 573 574 575 576 577 578 579 580 581 582 583 584 585 586 587 588 589 590 591 592 593 594 595 596 597 598 599 600 601 602 603 604 605 606 607 608 609 610 611 612 613 614 615 616 617 618 619 620 621 622 623 624 625 626 627 628 629 630 631 632 633 634 635 636 637 638 639 640 641 642 643 644 645 646 647 648 649 650 651 652 653 654 655 656 657 658 659 660 661 662 663 664 665 666 667 668 669 670 671 672 673 674 675 676 677 678 679 680 681 682 683 684 685 686 687 688 689 690 691 692 693 694 695 696 697 698 699 700 701 702 703 704 705 706 707 708 709 710 711 712 713 714 715 716 717 718 719 720 721 722 723 724 725 726 727 728 729 730 731 732 733 734 735 736 737 738 739 740 741 742 743 744 745 746 747 748 749 750 751 752 753 754 755 756 757 758 759 760 761 762 763 764 765 766 767 768 769 770 771 772 773 774 775 776 777 778 779 780 781 782 783 784 785 786 787 788 789 790 791 792 793 794 795 796 797 798 799 800 801 802 803 804 805 806 807 808 809 810 811 812 813 814 815 816 817 818 819 820 821 822 823 824 825 826 827 828 829 830 831 832 833 834 835 836 837 838 839 840 841 842 843 844 845 846 847 848 849 850 851 852 853 854 855 856 857 858 859 860 861 862 863 864 865 866 867 868 869 870 871 872 873 874 875 876 877 878 879 880 881 882 883 884 885 886 887 888 889 890 891 892 893 894 895 896 897 898 899 900 901 902 903 904 905 906 907 908 909 910 911 912 913 914 915 916 917 918 919 920 921 922 923 924 925 926 927 928 929 930 931 932 933 934 935 936 937 938 939 940 941 942 943 944 945 946 947 948 949 950 951 952 953 954 955 956 957 958 959 960 961 962 963 964 965 966 967 968 969 970 971 972 973 974 975 976 977 978 979 980 981 982 983 984 985 986 987 988 989 990 991 992 993 994 995 996 997 998 999 1000 1001 1002 1003 1004 1005 1006 1007 1008 1009 1010 1011 1012 1013 1014 1015 1016 1017 1018 1019 1020 1021 1022 1023 64 512 8 32 16 4 2 1 0

SNR -5.000
1 2 3 4 5 6 7 8 9 10 11 12 13 14 15 16 17 18 19 20 21 22 23 24 25 26 27 28 29 30 31 32 33 34 35 36 37 38 39 40 41 42 43 44 45 46 47 48 49 50 51 52 53 54 55 56 57 58 59 60 61 62 63 64 65 66 67 68 69 70 71 72 73 74 75 76 77 78 79 80 81 82 83 84 85 86 87 88 89 90 91 92 93 94 95 96 97 98 99 100 101 102 103 104 105 106 107 108 109 110 111 112 113 114 115 116 117 118 119 120 121 122 123 124 125 126 127 128 129 130 131 132 133 134 135 136 137 138 139 140 141 142 143 144 145 146 147 148 149 150 151 152 153 154 155 156 157 158 159 160 161 162 163 164 165 166 167 168 169 170 171 172 173 174 175 176 177 178 179 180 181 182 183 184 185 186 187 188 189 190 191 192 193 194 195 196 197 198 199 200 201 202 203 204 205 206 207 208 209 210 211 212 213 214 215 216 217 218 219 220 221 222 223 224 225 226 227 228 229 230 231 232 233 234 235 236 237 238 239 240 241 242 243 244 245 246 247 248 249 250 251 252 253 254 255 256 257 258 259 260 261 262 263 264 265 266 267 268 269 270 271 272 273 274 275 276 277 278 279 280 281 282 283 284 285 286 287 288 289 290 291 292 293 294 295 296 297 298 299 300 301 302 303 304 305 306 307 308 309 310 311 312 313 314 315 316 317 318 319 320 321 322 323 324 325 326 327 328 329 330 331 332 333 334 335 336 337 338 339 340 341 342 343 344 345 346 347 348 349 350 351 352 353 354 355 356 357 358 359 360 361 362 363 364 365 366 367 368 369 370 371 372 373 374 375 376 377 378 379 380 381 382 383 384 385 386 387 388 389 390 391 392 393 394 395 396 397 398 399 400 401 402 403 404 405 406 407 408 409 410 411 412 413 414 415 416 417 418 419 420 421 422 423 424 425 426 427 428 429 430 431 432 433 434 435 436 437 438 439 440 441 442 443 444 445 446 447 448 449 450 451 452 453 454 455 456 457 458 459 460 461 462 463 464 465 466 467 468 469 470 471 472 473 474 475 476 477 478 479 480 481 482 483 484 485 486 487 488 489 490 491 492 493 494 495 496 497 498 499 500 501 502 503 504 505 506 507 508 509 510 511 512 513 514 515 516 517 518 519 520 521 522 523 524 525 526 527 528 529 530 531 532 533 534 535 536 537 538 539 540 541 542 543 544 545 546 547 548 549 550 551 552 553 554 555 556 557 558 559 560 561 562 563 564 565 566 567 568 569 570 571 572 573 574 575 576 577 578 579 580 581 582 583 584 585 586 587 588 589 590 591 592 593 594 595 596 597 598 599 600 601 602 603 604 605 606 607 608 609 610 611 612 613 614 615 616 617 618 619 620 621 622 623 624 625 626 627 628 629 630 631 632 633 634 635 636 637 638 639 640 641 642 643 644 645 646 647 648 649 650 651 652 653 654 655 656 657 658 659 660 661 662 663 664 665 666 667 668 669 670 671 672 673 674 675 676 677 678 679 680 681 682 683 684 685 686 687 688 689 690 691 692 693 694 695 696 697 698 699 700 701 702 703 704 705 706 707 708 709 710 711 712 713 714 715 716 717 718 719 720 721 722 723 724 725 726 727 728 729 730 731 732 733 734 735 736 737 738 739 740 741 742 743 744 745 746 747 748 749 750 751 752 753 754 755 756 757 758 759 760 761 762 763 764 765 766 767 768 769 770 771 772 773 774 775 776 777 778 779 780 781 782 783 784 785 786 787 788 789 790 791 792 793 794 795 796 797 798 799 800 801 802 803 804 805 806 807 808 809 810 811 812 813 814 815 816 817 818 819 820 821 822 823 824 825 826 827 828 829 830 831 832 833 834 835 836 837 838 839 840 841 842 843 844 845 846 847 848 849 850 851 852 853 854 855 856 857 858 859 860 861 862 863 864 865 866 867 868 869 870 871 872 873 874 875 876 877 878 879 880 881 882 883 884 885 886 887 888 889 890 891 892 893 894 895 896 897 898 899 900 901 902 903 904 905 906 907 908 909 910 911 912 913 914 915 916 917 918 919 920 921 922 923 924 925 926 927 928 929 930 931 932 933 934 935 936 937 938 939 940 941 942 943 944 945 946 947 948 949 950 951 952 953 954 955 956 957 958 959 960 961 962 963 964 965 966 967 968 969 970 971 972 973 974 975 976 977 978 979 980 981 982 983 984 985 986 987 988 989 990 991 992 993 994 995 996 997 998 999 1000 1001 1002 1003 1004 1005 1006 1007 1008 1009 1010 1011 1012 1013 1014 1015 1016 1017 1018 1019 1020 1021 1022 1023 0

SNR -4.500
1 2 3 4 5 6 7 8 9 10 11 12 13 14 15 16 17 18 19 20 21 22 23 24 25 26 27 28 29 30 31 32 33 34 35 36 37 38 39 40 41 42 43 44 45 46 47 48 49 50 51 52 53 54 55 56 57 58 59 60 61 62 63 64 65 66 67 68 69 70 71 72 73 74 75 76 77 78 79 80 81 82 83 84 85 86 87 88 89 90 91 92 93 94 95 96 97 98 99 100 101 102 103 104 105 106 107 108 109 110 111 112 113 114 115 116 117 118 119 120 121 122 123 124 125 126 127 128 129 130 131 132 133 134 135 136 137 138 139 140 141 142 143 144 145 146 147 148 149 150 151 152 153 154 155 156 157 158 159 160 161 162 163 164 165 166 167 168 169 170 171 172 173 174 175 176 177 178 179 180 181 182 183 184 185 186 187 188 189 190 191 192 193 194 195 196 197 198 199 200 201 202 203 204 205 206 207 208 209 210 211 212 213 214 215 216 217 218 219 220 221 222 223 224 225 226 227 228 229 230 231 232 233 234 235 236 237 238 239 240 241 242 243 244 245 246 247 248 249 250 251 252 253 254 255 256 257 258 259 260 261 262 263 264 265 266 267 268 269 270 271 272 273 274 275 276 277 278 279 280 281 282 283 284 285 286 287 288 289 290 291 292 293 294 295 296 297 298 299 300 301 302 303 304 305 306 307 308 309 310 311 312 313 314 315 316 317 318 319 320 321 322 323 324 325 326 327 328 329 330 331 332 333 334 335 336 337 338 339 340 341 342 343 344 345 346 347 348 349 350 351 352 353 354 355 356 357 358 359 360 361 362 363 364 365 366 367 368 369 370 371 372 373 374 375 376 377 378 379 380 381 382 383 384 385 386 387 388 389 390 391 392 393 394 395 396 397 398 399 400 401 402 403 404 405 406 407 408 409 410 411 412 413 414 415 416 417 418 419 420 421 422 423 424 425 426 427 428 429 430 431 432 433 434 435 436 437 438 439 440 441 442 443 444 445 446 447 448 449 450 451 452 453 454 455 456 457 458 459 460 461 462 463 464 465 466 467 468 469 470 471 472 473 474 475 476 477 478 479 480 481 482 483 484 485 486 487 488 489 490 491 492 493 494 495 496 497 498 499 500 501 502 503 504 505 506 507 508 509 510 511 512 513 514 515 516 517 518 519 520 521 522 523 524 525 526 527 528 529 530 531 532 533 534 535 536 537 538 539 540 541 542 543 544 545 546 547 548 549 550 551 552 553 554 555 556 557 558 559 560 561 562 563 564 565 566 567 568 569 570 571 572 573 574 575 576 577 578 579 580 581 582 583 584 585 586 587 588 589 590 591 592 593 594 595 596 597 598 599 600 601 602 603 604 605 606 607 608 609 610 611 612 613 614 615 616 617 618 619 620 621 622 623 624 625 626 627 628 629 630 631 632 633 634 635 636 637 638 639 640 641 642 643 644 645 646 647 648 649 650 651 652 653 654 655 656 657 658 659 660 661 662 663 664 665 666 667 668 669 670 671 672 673 674 675 676 677 678 679 680 681 682 683 684 685 686 687 688 689 690 691 692 693 694 695 696 697 698 699 700 701 702 703 704 705 706 707 708 709 710 711 712 713 714 715 716 717 718 719 720 721 722 723 724 725 726 727 728 729 730 731 732 733 734 735 736 737 738 739 740 741 742 743 744 745 746 747 748 749 750 751 752 753 754 755 756 757 758 759 760 761 762 763 764 765 766 767 768 769 770 771 772 773 774 775 776 777 778 779 780 781 782 783 784 785 786 787 788 789 790 791 792 793 794 795 796 797 798 799 800 801 802 803 804 805 806 807 808 809 810 811 812 813 814 815 816 817 818 819 820 821 822 823 824 825 826 827 828 829 830 831 832 833 834 835 836 837 838 839 840 841 842 843 844 845 846 847 848 849 850 851 852 853 854 855 856 857 858 859 860 861 862 863 864 865 866 867 868 869 870 871 872 873 874 875 876 877 878 879 880 881 882 883 884 885 886 887 888 889 890 891 892 893 894 895 896 897 898 899 900 901 902 903 904 905 906 907 908 909 910 911 912 913 914 915 916 917 918 919 920 921 922 923 924 925 926 927 928 929 930 931 932 933 934 935 936 937 938 939 940 941 942 943 944 945 946 947 948 949 950 951 952 953 954 955 956 957 958 959 960 961 962 963 964 965 966 967 968 969 970 971 972 973 974 975 976 977 978 979 980 981 982 983 984 985 986 987 988 989 990 991 992 993 994 995 996 997 998 999 1000 1001 1002 1003 1004 1005 1006 1007 1008 1009 1010 1011 1012 1013 1014 1015 1016 1017 1018 1019 1020 1021 1022 1023 0

SNR 18.000
0 1 2 3 4 5 6 7 8 9 10 11 12 13 14 15 16 17 18 19 20 21 22 23 24 25 26 27 28 29 30 31 32 33 34 35 36 37 38 39 40 41 42 43 44 45 46 47 48 49 50 51 52 53 54 55 56 57 58 59 60 61 62 63 64 65 66 67 68 69 70 71 72 73 74 75 76 77 78 79 80 81 82 83 84 85 86 87 88 89 90 91 92 93 94 95 96 97 98 99 100 101 102 103 104 105 106 107 108 109 110 111 112 113 114 115 116 117 118 119 120 121 122 123 124 125 126 127 128 129 130 131 132 133 134 135 136 137 138 139 140 141 142 143 144 145 146 147 148 149 150 151 152 153 154 155 156 157 158 159 160 161 162 163 164 165 166 167 168 169 170 171 172 173 174 175 176 177 178 179 180 181 182 183 184 185 186 187 188 189 190 191 192 193 194 195 196 197 198 199 200 201 202 203 204 205 206 207 208 209 210 211 212 213 214 215 216 217 218 219 220 221 222 223 224 225 226 227 228 229 230 231 232 233 234 235 236 237 238 239 240 241 242 243 244 245 246 247 248 249 250 251 252 253 254 255 256 257 258 259 260 261 262 263 264 265 266 267 268 269 270 271 272 273 274 275 276 277 278 279 280 281 282 283 284 285 286 287 288 289 290 291 292 293 294 295 296 297 298 299 300 301 302 303 304 305 306 307 308 309 310 311 312 313 314 315 316 317 318 319 320 321 322 323 324 325 326 327 328 329 330 331 332 333 334 335 336 337 338 339 340 341 342 343 344 345 346 347 348 349 350 351 352 353 354 355 356 357 358 359 360 361 362 363 364 365 366 367 368 369 370 371 372 373 374 375 376 377 378 379 380 381 382 383 384 385 386 387 388 389 390 391 392 393 394 395 396 397 398 399 400 401 402 403 404 405 406 407 408 409 410 411 412 413 414 415 416 417 418 419 420 421 422 423 424 425 426 427 428 429 430 431 432 433 434 435 436 437 438 439 440 441 442 443 444 445 446 447 448 449 450 451 452 453 454 455 456 457 458 459 460 461 462 463 464 465 466 467 468 469 470 471 472 473 474 475 476 477 478 479 480 481 482 483 484 485 486 487 488 489 490 491 492 493 494 495 496 497 498 499 500 501 502 503 504 505 506 507 508 509 510 511 512 513 514 515 516 517 518 519 520 521 522 523 524 525 526 527 528 529 530 531 532 533 534 535 536 537 538 539 540 541 542 543 544 545 546 547 548 549 550 551 552 553 554 555 556 557 558 559 560 561 562 563 564 565 566 567 568 569 570 571 572 573 574 575 576 577 578 579 580 581 582 583 584 585 586 587 588 589 590 591 592 593 594 595 596 597 598 599 600 601 602 603 604 605 606 607 608 609 610 611 612 613 614 615 616 617 618 619 620 621 622 623 624 625 626 627 628 629 630 631 632 633 634 635 636 637 638 639 640 641 642 643 644 645 646 647 648 649 650 651 652 653 654 655 656 657 658 659 660 661 662 663 664 665 666 667 668 669 670 671 672 673 674 675 676 677 678 679 680 681 682 683 684 685 686 687 688 689 690 691 692 693 694 695 696 697 698 699 700 701 702 703 704 705 706 707 708 709 710 711 712 713 714 715 716 717 718 719 720 721 722 723 724 725 726 727 728 729 730 731 732 733 734 735 736 737 738 739 740 741 742 743 744 745 746 747 748 749 750 751 752 753 754 755 756 757 758 759 760 761 762 763 764 765 766 767 768 769 770 771 772 773 774 775 776 777 778 779 780 781 782 783 784 785 786 787 788 789 790 791 792 793 794 795 796 797 798 799 800 801 802 803 804 805 806 807 808 809 810 811 812 813 814 815 816 817 818 819 820 821 822 823 824 825 826 827 828 829 830 831 832 833 834 835 836 837 838 839 840 841 842 843 844 845 846 847 848 849 850 851 852 853 854 855 856 857 858 859 860 861 862 863 864 865 866 867 868 869 870 871 872 873 874 875 876 877 878 879 880 881 882 883 884 885 886 887 888 889 890 891 892 893 894 895 896 897 898 899 900 901 902 903 904 905 906 907 908 909 910 911 912 913 914 915 916 917 918 919 920 921 922 923 924 925 926 927 928 929 930 931 932 933 934 935 936 937 938 939 940 941 942 943 944 945 946 947 948 949 950 951 952 953 954 955 956 957 958 959 960 961 962 963 964 965 966 967 968 969 970 971 972 973 974 975 976 977 978 979 980 981 982 983 984 985 986 987 988 989 990 991 992 993 994 995 996 997 998 999 1000 1001 1002 1003 1004 1005 1006 1007 1008 1009 1010 1011 1012 1013 1014 1015 1016 1017 1018 1019 1020 1021 1022 1023

SNR 18.500
0 1 2 3 4 5 6 7 8 9 10 11 12 13 14 15 16 17 18 19 20 21 22 23 24 25 26 27 28 29 30 31 32 33 34 35 36 37 38 39 40 41 42 43 44 45 46 47 48 49 50 51 52 53 54 55 56 57 58 59 60 61 62 63 64 65 66 67 68 69 70 71 72 73 74 75 76 77 78 79 80 81 82 83 84 85 86 87 88 89 90 91 92 93 94 95 96 97 98 99 100 101 102 103 104 105 106 107 108 109 110 111 112 113 114 115 116 117 118 119 120 121 122 123 124 125 126 127 128 129 130 131 132 133 134 135 136 137 138 139 140 141 142 143 144 145 146 147 148 149 150 151 152 153 154 155 156 157 158 159 160 161 162 163 164 165 166 167 168 169 170 171 172 173 174 175 176 177 178 179 180 181 182 183 184 185 186 187 188 189 190 191 192 193 194 195 196 197 198 199 200 201 202 203 204 205 206 207 208 209 210 211 212 213 214 215 216 217 218 219 220 221 222 223 224 225 226 227 228 229 230 231 232 233 234 235 236 237 238 239 240 241 242 243 244 245 246 247 248 249 250 251 252 253 254 255 256 257 258 259 260 261 262 263 264 265 266 267 268 269 270 271 272 273 274 275 276 277 278 279 280 281 282 283 284 285 286 287 288 289 290 291 292 293 294 295 296 297 298 299 300 301 302 303 304 305 306 307 308 309 310 311 312 313 314 315 316 317 318 319 320 321 322 323 324 325 326 327 328 329 330 331 332 333 334 335 336 337 338 339 340 341 342 343 344 345 346 347 348 349 350 351 352 353 354 355 356 357 358 359 360 361 362 363 364 365 366 367 368 369 370 371 372 373 374 375 376 377 378 379 380 381 382 383 384 385 386 387 388 389 390 391 392 393 394 395 396 397 398 399 400 401 402 403 404 405 406 407 408 409 410 411 412 413 414 415 416 417 418 419 420 421 422 423 424 425 426 427 428 429 430 431 432 433 434 435 436 437 438 439 440 441 442 443 444 445 446 447 448 449 450 451 452 453 454 455 456 457 458 459 460 461 462 463 464 465 466 467 468 469 470 471 472 473 474 475 476 477 478 479 480 481 482 483 484 485 486 487 488 489 490 491 492 493 494 495 496 497 498 499 500 501 502 503 504 505 506 507 508 509 510 511 512 513 514 515 516 517 518 519 520 521 522 523 524 525 526 527 528 529 530 531 532 533 534 535 536 537 538 539 540 541 542 543 544 545 546 547 548 549 550 551 552 553 554 555 556 557 558 559 560 561 562 563 564 565 566 567 568 569 570 571 572 573 574 575 576 577 578 579 580 581 582 583 584 585 586 587 588 589 590 591 592 593 594 595 596 597 598 599 600 601 602 603 604 605 606 607 608 609 610 611 612 613 614 615 616 617 618 619 620 621 622 623 624 625 626 627 628 629 630 631 632 633 634 635 636 637 638 639 640 641 642 643 644 645 646 647 648 649 650 651 652 653 654 655 656 657 658 659 660 661 662 663 664 665 666 667 668 669 670 671 672 673 674 675 676 677 678 679 680 681 682 683 684 685 686 687 688 689 690 691 692 693 694 695 696 697 698 699 700 701 702 703 704 705 706 707 708 709 710 711 712 713 714 715 716 717 718 719 720 721 722 723 724 725 726 727 728 729 730 731 732 733 734 735 736 737 738 739 740 741 742 743 744 745 746 747 748 749 750 751 752 753 754 755 756 757 758 759 760 761 762 763 764 765 766 767 768 769 770 771 772 773 774 775 776 777 778 779 780 781 782 783 784 785 786 787 788 789 790 791 792 793 794 795 796 797 798 799 800 801 802 803 804 805 806 807 808 809 810 811 812 813 814 815 816 817 818 819 820 821 822 823 824 825 826 827 828 829 830 831 832 833 834 835 836 837 838 839 840 841 842 843 844 845 846 847 848 849 850 851 852 853 854 855 856 857 858 859 860 861 862 863 864 865 866 867 868 869 870 871 872 873 874 875 876 877 878 879 880 881 882 883 884 885 886 887 888 889 890 891 892 893 894 895 896 897 898 899 900 901 902 903 904 905 906 907 908 909 910 911 912 913 914 915 916 917 918 919 920 921 922 923 924 925 926 927 928 929 930 931 932 933 934 935 936 937 938 939 940 941 942 943 944 945 946 947 948 949 950 951 952 953 954 955 956 957 958 959 960 961 962 963 964 965 966 967 968 969 970 971 972 973 974 975 976 977 978 979 980 981 982 983 984 985 986 987 988 989 990 991 992 993 994 995 996 997 998 999 1000 1001 1002 1003 1004 1005 1006 1007 1008 1009 1010 1011 1012 1013 1014 1015 1016 1017 1018 1019 1020 1021 1022 1023

note, only in this file the S.N.R of even values are accurate here, the point five are not, only copied past the first lower S.N.R integer
